season,week,celebrity_name,voting_method,fan_share_mean,fan_share_std,fan_share_lb,fan_share_ub,is_eliminated_this_week,fan_share_mean_raw
1,2,Evander Holyfield,rank,0.2921939058509104,0.1322597155018545,0.01633058676556415,0.8337365142731646,0,0.2921939058509104
1,3,Evander Holyfield,rank,0.18204119292655288,0.08245310123126104,0.00016472511365409227,0.47935593978889507,1,0.13483288738754254
1,2,Joey McIntyre,rank,0.1507366306273714,0.12780190345139078,2.352875345901342e-05,0.8282631022117559,0,0.1507366306273714
1,3,Joey McIntyre,rank,0.16697577257414026,0.15313683838361056,5.909606114482846e-08,0.8830767247439398,0,0.17393540483704123
1,4,Joey McIntyre,rank,0.38145160299104186,0.11002533090886914,0.26627495583689387,0.8949685764248657,0,0.4733698160268569
1,2,John O'Hurley,rank,0.14387480495205923,0.12575286823710669,6.263576366799206e-05,0.7634313322263221,0,0.14387480495205923
1,3,John O'Hurley,rank,0.16197228612154346,0.15306406371302533,1.9275213867305257e-06,0.9485322772378997,0,0.16972834947989388
1,4,John O'Hurley,rank,0.2439782386592046,0.06544680544173452,0.05153075333556851,0.4482043324309289,0,0.2791236468896308
1,2,Kelly Monaco,rank,0.22169125416035634,0.13021166698183895,0.007881161071171497,0.8236711762737867,0,0.22169125416035634
1,3,Kelly Monaco,rank,0.31302849316425807,0.158455784280244,0.01173125467678175,0.94591109392176,0,0.3521730241659302
1,4,Kelly Monaco,rank,0.21753380293152513,0.05993808995740118,0.011065333073030653,0.32554251928306044,0,0.17660750711749673
1,2,Rachel Hunter,rank,0.15187342803280252,0.12921119813253173,7.747051301820579e-07,0.8751683573704843,0,0.15187342803280252
1,3,Rachel Hunter,rank,0.1640932623005567,0.1606377013143646,4.549073257769852e-11,0.8936366417212337,0,0.16933033412959422
1,4,Rachel Hunter,rank,0.09885729966637755,0.050450174490585184,2.6703330277016323e-05,0.23553704528036593,1,0.07089902996601506
1,2,Trista Sutter,rank,0.03962997637650016,0.031993117414303655,1.7002708904739477e-05,0.21153817320929744,1,0.03962997637650016
2,1,Drew Lachey,rank,0.0999919370901961,0.0902202381432648,1.3102553479863833e-06,0.6227985850357046,0,0.0999919370901961
2,2,Drew Lachey,rank,0.10488498222385949,0.1269252747269485,1.1112935038320509e-10,0.839396877993088,0,0.1069820015668581
2,3,Drew Lachey,rank,0.10715527290589139,0.1274201543301088,3.1078871955007203e-09,0.8121039680273283,0,0.1081282546267622
2,4,Drew Lachey,rank,0.11640927724006737,0.13647893499186253,3.4792027497251424e-10,0.8445528119150051,0,0.12037527909757138
2,5,Drew Lachey,rank,0.12730177051310532,0.14056395344231995,3.245323014991211e-08,0.8548399135382959,0,0.1319699819158359
2,6,Drew Lachey,rank,0.14668589279229377,0.15011435394156095,1.3338980279427479e-06,0.8729668242684374,0,0.1549933737690888
2,7,Drew Lachey,rank,0.18635081788445323,0.1574341795469876,1.939852127159719e-06,0.9545829893536609,0,0.20335007149537876
2,1,George Hamilton,rank,0.1200148215997011,0.08874846497596886,0.001130832729129103,0.6254388483300812,0,0.1200148215997011
2,2,George Hamilton,rank,0.12619254975216143,0.1357011969591007,1.3510252340643285e-09,0.8579296213226663,0,0.12884014753178732
2,3,George Hamilton,rank,0.1444225882229494,0.13892980819274423,1.975078098666137e-06,0.8603337074847209,0,0.1522354618532871
2,4,George Hamilton,rank,0.2088049876945437,0.14828427680257825,0.0005899113317138827,0.8951003364422558,0,0.23639744461094125
2,5,George Hamilton,rank,0.25357788791021896,0.17801937902171994,0.00029624163979618406,0.9675482327337508,0,0.27276627371693696
2,6,George Hamilton,rank,0.1614940451648508,0.07737624437432336,0.000138824270260477,0.4722465172068735,1,0.1220295411311216
2,1,Giselle Fernandez,rank,0.1014400887398479,0.09147248851551701,1.7186636963216544e-05,0.6514877209738243,0,0.1014400887398479
2,2,Giselle Fernandez,rank,0.10494131729126971,0.12539397596566806,1.2783866265648784e-09,0.9013659601256632,0,0.10644184381330764
2,3,Giselle Fernandez,rank,0.041051204115176876,0.01782092365489614,1.0111493424237322e-09,0.15214915049799993,1,0.01366972703970852
2,1,Jerry Rice,rank,0.09936137927597924,0.08875666541087332,2.257400507870136e-06,0.6574046731428552,0,0.09936137927597924
2,2,Jerry Rice,rank,0.1027714139540197,0.1232656225862701,2.3412862796217256e-09,0.8342715212288138,0,0.10423285738746563
2,3,Jerry Rice,rank,0.11834605555412883,0.1266089645740601,3.730808430983751e-05,0.8405482192383645,0,0.12502090195417562
2,4,Jerry Rice,rank,0.1431983052997566,0.14412165265589663,1.364199781747067e-08,0.856404744312041,0,0.15384926947645422
2,5,Jerry Rice,rank,0.18978421832734477,0.15721415333122837,4.568283184767088e-07,0.9314659422779749,0,0.20974960962488257
2,6,Jerry Rice,rank,0.29334527215180994,0.16029100198551313,0.002787742508078933,0.9075595111539199,0,0.3377285809337236
2,7,Jerry Rice,rank,0.41401611949358885,0.17346234208513722,0.017180043675626856,0.9838710586442472,0,0.4657321969257798
2,1,Kenny Mayne,rank,0.023264793170704685,0.019583954687933915,4.937963486538546e-07,0.14878627450319823,1,0.023264793170704685
2,1,Lisa Rinna,rank,0.11106418979774688,0.09147893225748246,5.999038775167485e-06,0.6825828489586735,0,0.11106418979774688
2,2,Lisa Rinna,rank,0.12741711318398186,0.13359633112967034,2.4094859089383774e-08,0.8714835702132493,0,0.1344255089209397
2,3,Lisa Rinna,rank,0.1370840606386747,0.1397957870826404,7.231132372474001e-07,0.8795960613175654,0,0.14122703811925735
2,4,Lisa Rinna,rank,0.15038169433134982,0.14739540622536207,4.488967147620282e-08,0.85516901406514,0,0.15608068019963917
2,5,Lisa Rinna,rank,0.16719462327884052,0.15618726953360978,4.445573583746174e-06,0.922850396493436,0,0.17440016425633656
2,6,Lisa Rinna,rank,0.21428236203070122,0.16133452616810848,1.6996328344378428e-05,0.8887829448058056,0,0.2344628214957844
2,7,Lisa Rinna,rank,0.1694775642142659,0.09774442018514928,0.00010467084739584802,0.4937500690208908,1,0.1502755080072222
2,1,Master P,rank,0.13516309518066422,0.08834552664638323,0.0027544446522920927,0.6770427378269924,0,0.13516309518066422
2,2,Master P,rank,0.15923414021992094,0.1434255430030279,0.00010289011804038415,0.9280535097580166,0,0.1695503023796024
2,3,Master P,rank,0.20677090401784817,0.15217519895285278,0.0016917151381910687,0.9099319342909857,0,0.22714380278838844
2,4,Master P,rank,0.10793326026832001,0.05052784743728356,4.149792566335657e-07,0.3968685835021016,1,0.06557427008995081
2,1,Stacy Keibler,rank,0.10319553711641585,0.09200879865653509,1.2732302149636883e-06,0.6436067795473517,0,0.10319553711641585
2,2,Stacy Keibler,rank,0.10782140818145412,0.12711534227549082,3.252164004451746e-09,0.9077633720781745,0,0.10980392435218482
2,3,Stacy Keibler,rank,0.10996969434349577,0.12898388225007215,4.0800349314375835e-09,0.8515854101454473,0,0.11089038841294219
2,4,Stacy Keibler,rank,0.1165645354779502,0.1359222300156103,7.939058820781102e-10,0.872832462887003,0,0.11939089596414498
2,5,Stacy Keibler,rank,0.12654634858886069,0.14078604013590243,1.316652319779156e-08,0.8946427258567445,0,0.13082426849353662
2,6,Stacy Keibler,rank,0.1435138824458549,0.15143959417143352,1.1111397660874674e-07,0.8633959644430879,0,0.150785682670281
2,7,Stacy Keibler,rank,0.169503721233892,0.16468287237587542,1.4549711970962107e-06,0.8950682284580532,0,0.1806422235716222
2,1,Tatum O'Neal,rank,0.10131559207477268,0.09180108035947399,9.668810657402281e-06,0.650452360014934,0,0.10131559207477268
2,2,Tatum O'Neal,rank,0.04390309733909964,0.024276319406359353,1.8618295489430776e-13,0.20180465999008837,1,0.019297742452382624
2,1,Tia Carrere,rank,0.10518856595397144,0.09243372262477967,1.4620134059312952e-05,0.6313237009858618,0,0.10518856595397144
2,2,Tia Carrere,rank,0.11585453990302055,0.1314299410555085,1.4922652846337923e-08,0.9271462711783793,0,0.1204256715954702
2,3,Tia Carrere,rank,0.11993545961474211,0.13412690622334209,1.2739409105216423e-07,0.8758628683163662,0,0.12168442520547994
2,4,Tia Carrere,rank,0.13981315027733146,0.14071647356501124,5.047743893593032e-09,0.9058570563860008,0,0.14833216056129833
2,5,Tia Carrere,rank,0.09814673647792932,0.07477807162540213,1.6913814156541882e-07,0.7129711953089493,1,0.08028970199247126
3,1,Emmitt Smith,percent,0.5,0.25,0.0,1.0,0,0.5
3,2,Emmitt Smith,percent,0.49086956521739133,0.24347826086956523,0.0,0.9739130434782609,0,0.48695652173913045
3,3,Emmitt Smith,percent,0.5006425120772946,0.24516908212560387,0.0144927536231884,0.9951690821256038,0,0.5048309178743962
3,4,Emmitt Smith,percent,0.48958669301712776,0.2424242424242424,0.0,0.9696969696969696,0,0.4848484848484848
3,5,Emmitt Smith,percent,0.48140639464546975,0.2389502762430939,0.0,0.9558011049723756,0,0.4779005524861878
3,7,Emmitt Smith,percent,0.4944219183936409,0.25,0.0,1.0,0,0.5
3,8,Emmitt Smith,percent,0.49832657551809223,0.25,0.0,1.0,0,0.5
3,1,Harry Hamlin,percent,0.5,0.25,0.0,1.0,0,0.5
3,2,Harry Hamlin,percent,0.4939130434782608,0.24347826086956523,0.004347826086956524,0.9782608695652174,0,0.49130434782608695
3,3,Harry Hamlin,percent,0.18875362318840577,0.028985507246376815,0.0,0.11594202898550726,1,0.05797101449275363
3,1,Jerry Springer,percent,0.5,0.25,0.0,1.0,0,0.5
3,2,Jerry Springer,percent,0.5,0.24347826086956523,0.013043478260869573,0.9869565217391305,0,0.5
3,3,Jerry Springer,percent,0.4966183574879227,0.24516908212560387,0.004830917874396129,0.9855072463768116,0,0.4951690821256039
3,4,Jerry Springer,percent,0.4954501537110232,0.24242424242424243,0.01010101010101011,0.9797979797979798,0,0.4949494949494949
3,5,Jerry Springer,percent,0.4947676427983898,0.2389502762430939,0.01657458563535913,0.9723756906077348,0,0.494475138121547
3,7,Jerry Springer,percent,0.22880066320988732,0.05740740740740741,0.0,0.22962962962962963,1,0.11481481481481481
3,1,Joey Lawrence,percent,0.5,0.25,0.0,1.0,0,0.5
3,2,Joey Lawrence,percent,0.49086956521739133,0.24347826086956523,0.0,0.9739130434782609,0,0.48695652173913045
3,3,Joey Lawrence,percent,0.4904975845410628,0.24516908212560387,-0.0,0.9806763285024155,0,0.49033816425120774
3,4,Joey Lawrence,percent,0.48654321475625817,0.2424242424242424,0.0,0.9696969696969696,0,0.4848484848484848
3,5,Joey Lawrence,percent,0.4882281577970431,0.2389502762430939,0.011049723756906077,0.9668508287292816,0,0.48895027624309384
3,7,Joey Lawrence,percent,0.4964684473391129,0.25,0.0,1.0,0,0.5
3,8,Joey Lawrence,percent,0.49894053420173384,0.25,0.0,1.0,0,0.5
3,1,Mario Lopez,percent,0.5,0.25,0.0,1.0,0,0.5
3,2,Mario Lopez,percent,0.4939130434782608,0.24347826086956523,0.004347826086956524,0.9782608695652174,0,0.49130434782608695
3,3,Mario Lopez,percent,0.49141062801932367,0.24516908212560387,0.0,0.9806763285024155,0,0.49033816425120774
3,4,Mario Lopez,percent,0.48681712779973646,0.2424242424242424,0.0,0.9696969696969696,0,0.4848484848484848
3,5,Mario Lopez,percent,0.48057552508025236,0.2389502762430939,0.0,0.9558011049723756,0,0.4779005524861878
3,7,Mario Lopez,percent,0.4941726575240757,0.25,0.0,1.0,0,0.5
3,8,Mario Lopez,percent,0.4982517972572227,0.25,0.0,1.0,0,0.5
3,1,Monique Coleman,percent,0.5,0.25,0.0,1.0,0,0.5
3,2,Monique Coleman,percent,0.49086956521739133,0.24347826086956523,0.0,0.9739130434782609,0,0.48695652173913045
3,3,Monique Coleman,percent,0.4904975845410628,0.24516908212560387,0.0,0.9806763285024155,0,0.49033816425120774
3,4,Monique Coleman,percent,0.48654321475625817,0.2424242424242424,0.0,0.9696969696969696,0,0.4848484848484848
3,5,Monique Coleman,percent,0.48049335116720887,0.2389502762430939,-0.0,0.9558011049723756,0,0.4779005524861878
3,7,Monique Coleman,percent,0.4941480053501626,0.25,0.0,1.0,0,0.5
3,8,Monique Coleman,percent,0.23815265848578274,0.06422018348623854,0.0,0.25688073394495414,1,0.12844036697247707
3,1,Sara Evans,percent,0.5,0.25,0.0,1.0,0,0.5
3,2,Sara Evans,percent,0.4939130434782608,0.24347826086956523,0.004347826086956524,0.9782608695652174,0,0.49130434782608695
3,3,Sara Evans,percent,0.49141062801932367,0.24516908212560387,0.0,0.9806763285024155,0,0.49033816425120774
3,4,Sara Evans,percent,0.5009585419411506,0.2424242424242424,0.020202020202020207,0.9898989898989898,0,0.505050505050505
3,5,Sara Evans,percent,0.496420159267428,0.2389502762430939,0.01657458563535913,0.9723756906077348,0,0.494475138121547
3,1,Shanna Moakler,percent,0.5,0.25,0.0,1.0,0,0.5
3,2,Shanna Moakler,percent,0.18652173913043477,0.026086956521739122,0.0,0.10434782608695649,1,0.052173913043478244
3,1,Tucker Carlson,percent,0.0626072041166381,0.03130360205831905,0.0,0.1252144082332762,1,0.0626072041166381
3,1,Vivica A. Fox,percent,0.5,0.25,0.0,1.0,0,0.5
3,2,Vivica A. Fox,percent,0.49086956521739133,0.24347826086956523,0.0,0.9739130434782609,0,0.48695652173913045
3,3,Vivica A. Fox,percent,0.4904975845410628,0.24516908212560387,0.0,0.9806763285024155,0,0.49033816425120774
3,4,Vivica A. Fox,percent,0.1922250329380764,0.032196969696969696,0.0,0.12878787878787878,1,0.06439393939393939
3,1,Willa Ford,percent,0.5,0.25,0.0,1.0,0,0.5
3,2,Willa Ford,percent,0.49086956521739133,0.24347826086956523,0.0,0.9739130434782609,0,0.48695652173913045
3,3,Willa Ford,percent,0.4904975845410628,0.24516908212560387,0.0,0.9806763285024155,0,0.49033816425120774
3,4,Willa Ford,percent,0.48654321475625817,0.2424242424242424,0.0,0.9696969696969696,0,0.4848484848484848
3,5,Willa Ford,percent,0.19375301967549624,0.03413575374901341,0.0,0.13654301499605365,1,0.06827150749802682
4,2,Apolo Anton Ohno,percent,0.4918367346938775,0.24591836734693875,0.0,0.983673469387755,0,0.4918367346938775
4,3,Apolo Anton Ohno,percent,0.48791799288522747,0.24311926605504589,0.0,0.9724770642201835,0,0.48623853211009177
4,4,Apolo Anton Ohno,percent,0.4945332926024103,0.24868421052631579,0.0,0.9947368421052631,0,0.49736842105263157
4,5,Apolo Anton Ohno,percent,0.4983599877807231,0.25,0.0,1.0,0,0.5
4,6,Apolo Anton Ohno,percent,0.4871550551577464,0.2411764705882353,0.0,0.9647058823529412,0,0.4823529411764706
4,7,Apolo Anton Ohno,percent,0.48821771395832714,0.24433656957928804,0.0,0.9773462783171522,0,0.4886731391585761
4,8,Apolo Anton Ohno,percent,0.4964653141874981,0.25,0.0,1.0,0,0.5
4,9,Apolo Anton Ohno,percent,0.4989395942562494,0.25,0.0,1.0,0,0.5
4,2,Billy Ray Cyrus,percent,0.4918367346938775,0.24591836734693875,0.0,0.983673469387755,0,0.4918367346938775
4,3,Billy Ray Cyrus,percent,0.48791799288522747,0.24311926605504589,0.0,0.9724770642201835,0,0.48623853211009177
4,4,Billy Ray Cyrus,percent,0.4945332926024103,0.24868421052631579,0.0,0.9947368421052631,0,0.49736842105263157
4,5,Billy Ray Cyrus,percent,0.4983599877807231,0.25,0.0,1.0,0,0.5
4,6,Billy Ray Cyrus,percent,0.4953903492753934,0.2411764705882353,0.011764705882352927,0.9764705882352941,0,0.4941176470588235
4,7,Billy Ray Cyrus,percent,0.5065459073716148,0.24433656957928804,0.02265372168284789,1.0,0,0.511326860841424
4,8,Billy Ray Cyrus,percent,0.23897572440271947,0.06215139442231075,0.0,0.248605577689243,1,0.1243027888446215
4,2,Clyde Drexler,percent,0.5040816326530612,0.24591836734693875,0.012244897959183668,0.9959183673469387,0,0.5040816326530612
4,3,Clyde Drexler,percent,0.5076465081445423,0.24311926605504589,0.022935779816513763,0.9954128440366973,0,0.5091743119266056
4,4,Clyde Drexler,percent,0.5041360577065206,0.24868421052631579,0.005263157894736845,1.0,0,0.5026315789473684
4,5,Clyde Drexler,percent,0.21288854458468345,0.044034090909090905,0.0,0.17613636363636362,1,0.08806818181818181
4,2,Heather Mills,percent,0.4918367346938775,0.24591836734693875,0.0,0.983673469387755,0,0.4918367346938775
4,3,Heather Mills,percent,0.48791799288522747,0.24311926605504589,0.0,0.9724770642201835,0,0.48623853211009177
4,4,Heather Mills,percent,0.4945332926024103,0.24868421052631579,0.0,0.9947368421052631,0,0.49736842105263157
4,5,Heather Mills,percent,0.4983599877807231,0.25,0.0,1.0,0,0.5
4,6,Heather Mills,percent,0.20215505515774634,0.037605042016806714,0.0,0.15042016806722686,1,0.07521008403361343
4,2,Ian Ziering,percent,0.4918367346938775,0.24591836734693875,0.0,0.983673469387755,0,0.4918367346938775
4,3,Ian Ziering,percent,0.48791799288522747,0.24311926605504589,0.0,0.9724770642201835,0,0.48623853211009177
4,4,Ian Ziering,percent,0.4945332926024103,0.24868421052631579,0.0,0.9947368421052631,0,0.49736842105263157
4,5,Ian Ziering,percent,0.4983599877807231,0.25,0.0,1.0,0,0.5
4,6,Ian Ziering,percent,0.4871550551577464,0.2411764705882353,0.0,0.9647058823529412,0,0.4823529411764706
4,7,Ian Ziering,percent,0.48821771395832714,0.24433656957928804,0.0,0.9773462783171522,0,0.4886731391585761
4,8,Ian Ziering,percent,0.4964653141874981,0.25,0.0,1.0,0,0.5
4,9,Ian Ziering,percent,0.23828558581743084,0.06381856540084388,0.0,0.2552742616033755,1,0.12763713080168776
4,2,Joey Fatone,percent,0.4918367346938775,0.24591836734693875,0.0,0.983673469387755,0,0.4918367346938775
4,3,Joey Fatone,percent,0.48791799288522747,0.24311926605504589,0.0,0.9724770642201835,0,0.48623853211009177
4,4,Joey Fatone,percent,0.4945332926024103,0.24868421052631579,0.0,0.9947368421052631,0,0.49736842105263157
4,5,Joey Fatone,percent,0.4983599877807231,0.25,0.0,1.0,0,0.5
4,6,Joey Fatone,percent,0.4871550551577464,0.2411764705882353,0.0,0.9647058823529412,0,0.4823529411764706
4,7,Joey Fatone,percent,0.48821771395832714,0.24433656957928804,0.0,0.9773462783171522,0,0.4886731391585761
4,8,Joey Fatone,percent,0.4964653141874981,0.25,0.0,1.0,0,0.5
4,9,Joey Fatone,percent,0.4989395942562494,0.25,0.0,1.0,0,0.5
4,2,John Ratzenberger,percent,0.4918367346938775,0.24591836734693875,-0.0,0.983673469387755,0,0.4918367346938775
4,3,John Ratzenberger,percent,0.4911290020595394,0.24311926605504589,0.0045871559633027525,0.9770642201834863,0,0.4908256880733945
4,4,John Ratzenberger,percent,0.49549659535470386,0.24868421052631579,-0.0,0.9947368421052631,0,0.49736842105263157
4,5,John Ratzenberger,percent,0.4986489786064111,0.25,0.0,1.0,0,0.5
4,6,John Ratzenberger,percent,0.5037123406407468,0.2411764705882353,0.023529411764705868,0.9882352941176471,0,0.5058823529411764
4,7,John Ratzenberger,percent,0.21680949507248293,0.04692556634304207,0.0,0.18770226537216828,1,0.09385113268608414
4,2,Laila Ali,percent,0.4918367346938775,0.24591836734693875,0.0,0.983673469387755,0,0.4918367346938775
4,3,Laila Ali,percent,0.48791799288522747,0.24311926605504589,0.0,0.9724770642201835,0,0.48623853211009177
4,4,Laila Ali,percent,0.4945332926024103,0.24868421052631579,0.0,0.9947368421052631,0,0.49736842105263157
4,5,Laila Ali,percent,0.4983599877807231,0.25,0.0,1.0,0,0.5
4,6,Laila Ali,percent,0.4871550551577464,0.2411764705882353,0.0,0.9647058823529412,0,0.4823529411764706
4,7,Laila Ali,percent,0.48821771395832714,0.24433656957928804,0.0,0.9773462783171522,0,0.4886731391585761
4,8,Laila Ali,percent,0.4964653141874981,0.25,0.0,1.0,0,0.5
4,9,Laila Ali,percent,0.4989395942562494,0.25,0.0,1.0,0,0.5
4,2,Leeza Gibbons,percent,0.4918367346938775,0.24591836734693875,0.0,0.983673469387755,0,0.4918367346938775
4,3,Leeza Gibbons,percent,0.48791799288522747,0.24311926605504589,0.0,0.9724770642201835,0,0.48623853211009177
4,4,Leeza Gibbons,percent,0.1946794914328197,0.03450292397660818,0.0,0.13801169590643272,1,0.06900584795321636
4,2,Paulina Porizkova,percent,0.048051948051948054,0.024025974025974027,0.0,0.09610389610389611,1,0.048051948051948054
4,2,Shandi Finnessey,percent,0.4959183673469388,0.24591836734693875,0.004081632653061232,0.9877551020408163,0,0.4959183673469388
4,3,Shandi Finnessey,percent,0.1850599138738064,0.025917431192660555,0.0,0.10366972477064222,1,0.05183486238532111
5,1,Albert Reed,percent,0.5,0.25,0.0,1.0,0,0.5
5,2,Albert Reed,percent,0.18275401069518715,0.023395721925133686,0.0,0.09358288770053474,1,0.04679144385026737
5,1,Cameron Mathison,percent,0.5,0.25,0.0,1.0,0,0.5
5,2,Cameron Mathison,percent,0.4867647058823529,0.24054621848739496,-0.0,0.9621848739495799,0,0.4810924369747899
5,3,Cameron Mathison,percent,0.49602941176470583,0.25,0.0,1.0,0,0.5
5,4,Cameron Mathison,percent,0.4973130970336852,0.24893162393162394,0.0,0.9957264957264957,0,0.49786324786324787
5,5,Cameron Mathison,percent,0.4991939291101055,0.25,0.0,1.0,0,0.5
5,6,Cameron Mathison,percent,0.4900359565108094,0.24305555555555555,-0.0,0.9722222222222222,0,0.4861111111111111
5,7,Cameron Mathison,percent,0.4970107869532428,0.25,0.0,1.0,0,0.5
5,8,Cameron Mathison,percent,0.22123251365251276,0.05152091254752852,0.0,0.20608365019011407,1,0.10304182509505704
5,1,Floyd Mayweather Jr. ,percent,0.5,0.25,0.0,1.0,0,0.5
5,2,Floyd Mayweather Jr. ,percent,0.4867647058823529,0.24054621848739496,0.0,0.9621848739495799,0,0.4810924369747899
5,3,Floyd Mayweather Jr. ,percent,0.49602941176470583,0.25,0.0,1.0,0,0.5
5,4,Floyd Mayweather Jr. ,percent,0.1921848919054801,0.030982905982905973,0.0,0.1239316239316239,1,0.06196581196581195
5,1,Helio Castroneves,percent,0.5,0.25,0.0,1.0,0,0.5
5,2,Helio Castroneves,percent,0.4867647058823529,0.24054621848739496,0.0,0.9621848739495799,0,0.4810924369747899
5,3,Helio Castroneves,percent,0.49602941176470583,0.25,0.0,1.0,0,0.5
5,4,Helio Castroneves,percent,0.4973130970336852,0.24893162393162394,0.0,0.9957264957264957,0,0.49786324786324787
5,5,Helio Castroneves,percent,0.4991939291101055,0.25,0.0,1.0,0,0.5
5,6,Helio Castroneves,percent,0.4900359565108094,0.24305555555555552,0.0,0.9722222222222221,0,0.48611111111111105
5,7,Helio Castroneves,percent,0.4970107869532428,0.25,0.0,1.0,0,0.5
5,8,Helio Castroneves,percent,0.49511084064871047,0.24714828897338403,0.0,0.9885931558935361,0,0.49429657794676807
5,9,Helio Castroneves,percent,0.4955417992031601,0.24786324786324787,0.0,0.9914529914529915,0,0.49572649572649574
5,1,Jane Seymour,percent,0.5,0.25,0.0,1.0,0,0.5
5,2,Jane Seymour,percent,0.4867647058823529,0.24054621848739496,0.0,0.9621848739495799,0,0.4810924369747899
5,3,Jane Seymour,percent,0.49602941176470583,0.25,0.0,1.0,0,0.5
5,4,Jane Seymour,percent,0.4973130970336852,0.24893162393162394,0.0,0.9957264957264957,0,0.49786324786324787
5,5,Jane Seymour,percent,0.4991939291101055,0.25,0.0,1.0,0,0.5
5,6,Jane Seymour,percent,0.501702623177476,0.24305555555555555,0.016666666666666677,0.9888888888888889,0,0.5027777777777778
5,7,Jane Seymour,percent,0.21108771003016585,0.04326923076923076,0.0,0.17307692307692304,1,0.08653846153846152
5,1,Jennie Garth,percent,0.5,0.25,0.0,1.0,0,0.5
5,2,Jennie Garth,percent,0.4867647058823529,0.24054621848739496,0.0,0.9621848739495799,0,0.4810924369747899
5,3,Jennie Garth,percent,0.49602941176470583,0.25,0.0,1.0,0,0.5
5,4,Jennie Garth,percent,0.4973130970336852,0.24893162393162394,0.0,0.9957264957264957,0,0.49786324786324787
5,5,Jennie Garth,percent,0.4991939291101055,0.25,0.0,1.0,0,0.5
5,6,Jennie Garth,percent,0.4900359565108094,0.24305555555555552,0.0,0.9722222222222221,0,0.48611111111111105
5,7,Jennie Garth,percent,0.4970107869532428,0.25,0.0,1.0,0,0.5
5,8,Jennie Garth,percent,0.4977724376068854,0.24714828897338403,0.0038022813688212975,0.9923954372623575,0,0.4980988593155894
5,9,Jennie Garth,percent,0.23757959452992886,0.06303418803418803,0.0,0.25213675213675213,1,0.12606837606837606
5,1,Josie Maran,percent,0.052204928664072614,0.026102464332036307,0.0,0.10440985732814523,1,0.052204928664072614
5,1,Marie Osmond,percent,0.5,0.25,0.0,1.0,0,0.5
5,2,Marie Osmond,percent,0.4867647058823529,0.24054621848739494,0.0,0.9621848739495797,0,0.48109243697478987
5,3,Marie Osmond,percent,0.49602941176470583,0.25,0.0,1.0,0,0.5
5,4,Marie Osmond,percent,0.4973130970336852,0.24893162393162394,0.0,0.9957264957264957,0,0.49786324786324787
5,5,Marie Osmond,percent,0.4991939291101055,0.25,-0.0,1.0,0,0.5
5,6,Marie Osmond,percent,0.4978137342885872,0.24305555555555552,0.011111111111111127,0.9833333333333333,0,0.49722222222222223
5,7,Marie Osmond,percent,0.49934412028657615,0.25,0.0,1.0,0,0.5
5,8,Marie Osmond,percent,0.5011340345650602,0.24714828897338403,0.007604562737642567,0.9961977186311787,0,0.5019011406844106
5,9,Marie Osmond,percent,0.503331663360971,0.24786324786324787,0.008547008547008544,1.0,0,0.5042735042735043
5,1,Mark Cuban,percent,0.5,0.25,0.0,1.0,0,0.5
5,2,Mark Cuban,percent,0.49558823529411766,0.24054621848739494,0.012605042016806733,0.9747899159663865,0,0.49369747899159666
5,3,Mark Cuban,percent,0.4986764705882353,0.25,0.0,1.0,0,0.5
5,4,Mark Cuban,percent,0.501098667672197,0.24893162393162394,0.004273504273504272,1.0,0,0.5021367521367521
5,5,Mark Cuban,percent,0.2008949269348249,0.03611809045226131,0.0,0.14447236180904524,1,0.07223618090452262
5,1,Mel B,percent,0.5,0.25,0.0,1.0,0,0.5
5,2,Mel B,percent,0.4867647058823529,0.24054621848739496,0.0,0.9621848739495799,0,0.4810924369747899
5,3,Mel B,percent,0.49602941176470583,0.25,0.0,1.0,0,0.5
5,4,Mel B,percent,0.4973130970336852,0.24893162393162394,0.0,0.9957264957264957,0,0.49786324786324787
5,5,Mel B,percent,0.4991939291101055,0.25,0.0,1.0,0,0.5
5,6,Mel B,percent,0.4900359565108094,0.24305555555555552,0.0,0.9722222222222221,0,0.48611111111111105
5,7,Mel B,percent,0.4970107869532428,0.25,0.0,1.0,0,0.5
5,8,Mel B,percent,0.49511084064871047,0.24714828897338403,0.0,0.9885931558935361,0,0.49429657794676807
5,9,Mel B,percent,0.4955417992031601,0.24786324786324787,0.0,0.9914529914529915,0,0.49572649572649574
5,1,Sabrina Bryan,percent,0.5,0.25,0.0,1.0,0,0.5
5,2,Sabrina Bryan,percent,0.4867647058823529,0.24054621848739496,0.0,0.9621848739495799,0,0.4810924369747899
5,3,Sabrina Bryan,percent,0.49602941176470583,0.25,0.0,1.0,0,0.5
5,4,Sabrina Bryan,percent,0.4973130970336852,0.24893162393162394,0.0,0.9957264957264957,0,0.49786324786324787
5,5,Sabrina Bryan,percent,0.4991939291101055,0.25,0.0,1.0,0,0.5
5,6,Sabrina Bryan,percent,0.20114706762192053,0.0367063492063492,0.0,0.1468253968253968,1,0.0734126984126984
5,1,Wayne Newton,percent,0.5,0.25,0.0,1.0,0,0.5
5,2,Wayne Newton,percent,0.5044117647058823,0.24054621848739496,0.025210084033613453,0.9873949579831933,0,0.5063025210084033
5,3,Wayne Newton,percent,0.19496369677578143,0.031171548117154817,0.0,0.12468619246861927,1,0.062343096234309635
6,2,Adam Carolla,percent,0.4980544747081712,0.2490272373540856,0.0,0.9961089494163424,0,0.4980544747081712
6,3,Adam Carolla,percent,0.4963461669738548,0.24780701754385964,0.0,0.9912280701754386,0,0.4956140350877193
6,4,Adam Carolla,percent,0.19712607231437865,0.034444444444444444,0.0,0.13777777777777778,1,0.06888888888888889
6,2,Cristian de la Fuente,percent,0.4980544747081712,0.2490272373540856,0.0,0.9961089494163424,0,0.4980544747081712
6,3,Cristian de la Fuente,percent,0.4963461669738548,0.24780701754385964,0.0,0.9912280701754386,0,0.4956140350877193
6,4,Cristian de la Fuente,percent,0.49890385009215643,0.25,0.0,1.0,0,0.5
6,5,Cristian de la Fuente,percent,0.4996711550276469,0.25,0.0,1.0,0,0.5
6,6,Cristian de la Fuente,percent,0.49990134650829404,0.25,0.0,1.0,0,0.5
6,7,Cristian de la Fuente,percent,0.5056338343732001,0.2459546925566343,0.016181229773462785,1.0,0,0.5080906148867314
6,8,Cristian de la Fuente,percent,0.49644670461907603,0.24625468164794007,0.0,0.9850187265917603,0,0.49250936329588013
6,9,Cristian de la Fuente,percent,0.4989340113857228,0.25,0.0,1.0,0,0.5
6,2,Jason Taylor,percent,0.4980544747081712,0.2490272373540856,0.0,0.9961089494163424,0,0.4980544747081712
6,3,Jason Taylor,percent,0.4963461669738548,0.24780701754385964,0.0,0.9912280701754386,0,0.4956140350877193
6,4,Jason Taylor,percent,0.49890385009215643,0.25,0.0,1.0,0,0.5
6,5,Jason Taylor,percent,0.4996711550276469,0.25,0.0,1.0,0,0.5
6,6,Jason Taylor,percent,0.49990134650829404,0.25,0.0,1.0,0,0.5
6,7,Jason Taylor,percent,0.4943069735317762,0.2459546925566343,0.0,0.9838187702265372,0,0.4919093851132686
6,8,Jason Taylor,percent,0.4956703692130909,0.24625468164794007,0.0037453183520599342,0.9887640449438202,0,0.49625468164794007
6,9,Jason Taylor,percent,0.4987011107639272,0.25,0.0,1.0,0,0.5
6,2,Kristi Yamaguchi,percent,0.4980544747081712,0.2490272373540856,0.0,0.9961089494163424,0,0.4980544747081712
6,3,Kristi Yamaguchi,percent,0.4963461669738548,0.24780701754385964,0.0,0.9912280701754386,0,0.4956140350877193
6,4,Kristi Yamaguchi,percent,0.49890385009215643,0.25,0.0,1.0,0,0.5
6,5,Kristi Yamaguchi,percent,0.4996711550276469,0.25,0.0,1.0,0,0.5
6,6,Kristi Yamaguchi,percent,0.49990134650829404,0.25,0.0,1.0,0,0.5
6,7,Kristi Yamaguchi,percent,0.4943069735317762,0.2459546925566343,0.0,0.9838187702265372,0,0.4919093851132686
6,8,Kristi Yamaguchi,percent,0.4930486463666489,0.24625468164794007,0.0,0.9850187265917603,0,0.49250936329588013
6,9,Kristi Yamaguchi,percent,0.49791459390999465,0.25,0.0,1.0,0,0.5
6,2,Mario,percent,0.4980544747081712,0.2490272373540856,0.0,0.9961089494163424,0,0.4980544747081712
6,3,Mario,percent,0.4963461669738548,0.24780701754385964,0.0,0.9912280701754386,0,0.4956140350877193
6,4,Mario,percent,0.49890385009215643,0.25,0.0,1.0,0,0.5
6,5,Mario,percent,0.4996711550276469,0.25,0.0,1.0,0,0.5
6,6,Mario,percent,0.49990134650829404,0.25,0.0,1.0,0,0.5
6,7,Mario,percent,0.4943069735317762,0.2459546925566343,0.0,0.9838187702265372,0,0.4919093851132686
6,8,Mario,percent,0.21881643662882125,0.05037453183520599,0.0,0.20149812734082395,1,0.10074906367041198
6,2,Marissa Jaret Winokur,percent,0.4980544747081712,0.2490272373540856,0.0,0.9961089494163424,0,0.4980544747081712
6,3,Marissa Jaret Winokur,percent,0.5024865178510478,0.24780701754385964,0.008771929824561403,1.0,0,0.5043859649122807
6,4,Marissa Jaret Winokur,percent,0.5007459553553143,0.25,0.0,1.0,0,0.5
6,5,Marissa Jaret Winokur,percent,0.5002237866065943,0.25,0.0,1.0,0,0.5
6,6,Marissa Jaret Winokur,percent,0.5000671359819783,0.25,0.0,1.0,0,0.5
6,7,Marissa Jaret Winokur,percent,0.49435671037388146,0.2459546925566343,0.0,0.9838187702265372,0,0.4919093851132686
6,8,Marissa Jaret Winokur,percent,0.5009287359586063,0.24625468164794007,0.011235955056179775,0.9962546816479401,0,0.5037453183520599
6,9,Marissa Jaret Winokur,percent,0.24255134806030915,0.0659090909090909,0.0,0.2636363636363636,1,0.1318181818181818
6,2,Marlee Matlin,percent,0.4980544747081712,0.2490272373540856,0.0,0.9961089494163424,0,0.4980544747081712
6,3,Marlee Matlin,percent,0.4963461669738548,0.24780701754385964,-0.0,0.9912280701754386,0,0.4956140350877193
6,4,Marlee Matlin,percent,0.49890385009215643,0.25,0.0,1.0,0,0.5
6,5,Marlee Matlin,percent,0.4996711550276469,0.25,0.0,1.0,0,0.5
6,6,Marlee Matlin,percent,0.2090680131749607,0.04226190476190476,0.0,0.16904761904761903,1,0.08452380952380951
6,2,Monica Seles,percent,0.05871949062610542,0.02935974531305271,0.0,0.11743898125221083,1,0.05871949062610542
6,2,Penn Jillette,percent,0.05518217191368942,0.02759108595684471,0.0,0.11036434382737884,1,0.05518217191368942
6,2,Priscilla Presley,percent,0.4980544747081712,0.2490272373540856,0.0,0.9961089494163424,0,0.4980544747081712
6,3,Priscilla Presley,percent,0.4963461669738548,0.24780701754385964,0.0,0.9912280701754386,0,0.4956140350877193
6,4,Priscilla Presley,percent,0.49890385009215643,0.25,0.0,1.0,0,0.5
6,5,Priscilla Presley,percent,0.1996711550276469,0.03571428571428571,0.0,0.14285714285714285,1,0.07142857142857142
6,2,Shannon Elizabeth,percent,0.4980544747081712,0.2490272373540856,0.0,0.9961089494163424,0,0.4980544747081712
6,3,Shannon Elizabeth,percent,0.4963461669738548,0.24780701754385964,0.0,0.9912280701754386,0,0.4956140350877193
6,4,Shannon Elizabeth,percent,0.49890385009215643,0.25,0.0,1.0,0,0.5
6,5,Shannon Elizabeth,percent,0.4996711550276469,0.25,0.0,1.0,0,0.5
6,6,Shannon Elizabeth,percent,0.49990134650829404,0.25,0.0,1.0,0,0.5
6,7,Shannon Elizabeth,percent,0.20887008032789273,0.04207119741100324,0.0,0.16828478964401297,1,0.08414239482200649
6,2,Steve Guttenberg,percent,0.5019455252918288,0.2490272373540856,0.0038910505836575876,1.0,0,0.5019455252918288
6,3,Steve Guttenberg,percent,0.18834681548228546,0.026973684210526313,0.0,0.10789473684210525,1,0.053947368421052626
7,1,Brooke Burke,percent,0.4930555555555556,0.2465277777777778,0.0,0.9861111111111112,0,0.4930555555555556
7,2,Brooke Burke,percent,0.49316553544494723,0.24660633484162897,0.0,0.9864253393665159,0,0.49321266968325794
7,4,Brooke Burke,percent,0.4979496606334841,0.25,0.0,1.0,0,0.5
7,5,Brooke Burke,percent,0.49579515460030166,0.24743589743589745,0.0,0.9897435897435898,0,0.4948717948717949
7,6,Brooke Burke,percent,0.49873854638009046,0.25,0.0,1.0,0,0.5
7,7,Brooke Burke,percent,0.4877168020092652,0.24149659863945577,0.0,0.9659863945578231,0,0.48299319727891155
7,8,Brooke Burke,percent,0.49631504060277953,0.25,0.0,1.0,0,0.5
7,9,Brooke Burke,percent,0.4988945121808338,0.25,0.0,1.0,0,0.5
7,1,Cloris Leachman,percent,0.5029761904761905,0.2465277777777778,0.009920634920634927,0.996031746031746,0,0.5029761904761905
7,2,Cloris Leachman,percent,0.502476567550097,0.24660633484162897,0.009049773755656118,0.995475113122172,0,0.502262443438914
7,4,Cloris Leachman,percent,0.500742970265029,0.25,0.0,1.0,0,0.5
7,5,Cloris Leachman,percent,0.5002228910795087,0.24743589743589745,0.005128205128205124,0.9948717948717949,0,0.5
7,6,Cloris Leachman,percent,0.21725436732385262,0.04799107142857144,0.0,0.19196428571428575,1,0.09598214285714288
7,1,Cody Linley,percent,0.4930555555555556,0.2465277777777778,0.0,0.9861111111111112,0,0.4930555555555556
7,2,Cody Linley,percent,0.49316553544494723,0.24660633484162897,0.0,0.9864253393665159,0,0.49321266968325794
7,4,Cody Linley,percent,0.4979496606334841,0.25,0.0,1.0,0,0.5
7,5,Cody Linley,percent,0.49579515460030166,0.24743589743589745,0.0,0.9897435897435898,0,0.4948717948717949
7,6,Cody Linley,percent,0.49873854638009046,0.25,0.0,1.0,0,0.5
7,7,Cody Linley,percent,0.49724061153307475,0.24149659863945577,0.013605442176870736,0.9795918367346939,0,0.4965986394557823
7,8,Cody Linley,percent,0.4991721834599224,0.25,-0.0,1.0,0,0.5
7,9,Cody Linley,percent,0.24465215255041453,0.0677860696517413,0.0,0.2711442786069652,1,0.1355721393034826
7,1,Jeffrey Ross,percent,0.05646494708994709,0.028232473544973546,0.0,0.11292989417989419,1,0.05646494708994709
7,1,Kim Kardashian,percent,0.4930555555555556,0.2465277777777778,0.0,0.9861111111111112,0,0.4930555555555556
7,2,Kim Kardashian,percent,0.18462995337995336,0.02622377622377621,0.0,0.10489510489510484,1,0.05244755244755242
7,1,Lance Bass,percent,0.4930555555555556,0.2465277777777778,0.0,0.9861111111111112,0,0.4930555555555556
7,2,Lance Bass,percent,0.49316553544494723,0.24660633484162897,0.0,0.9864253393665159,0,0.49321266968325794
7,4,Lance Bass,percent,0.4979496606334841,0.25,0.0,1.0,0,0.5
7,5,Lance Bass,percent,0.49938489819004517,0.24743589743589745,0.005128205128205124,0.9948717948717949,0,0.5
7,6,Lance Bass,percent,0.4998154694570135,0.25,0.0,1.0,0,0.5
7,7,Lance Bass,percent,0.48803987893234213,0.24149659863945577,0.0,0.9659863945578231,0,0.48299319727891155
7,8,Lance Bass,percent,0.49641196367970264,0.25,0.0,1.0,0,0.5
7,9,Lance Bass,percent,0.49892358910391077,0.25,0.0,1.0,0,0.5
7,1,Maurice Greene,percent,0.4930555555555556,0.2465277777777778,0.0,0.9861111111111112,0,0.4930555555555556
7,2,Maurice Greene,percent,0.49316553544494723,0.24660633484162897,0.0,0.9864253393665159,0,0.49321266968325794
7,4,Maurice Greene,percent,0.4979496606334841,0.25,0.0,1.0,0,0.5
7,5,Maurice Greene,percent,0.49579515460030166,0.24743589743589745,0.0,0.9897435897435898,0,0.4948717948717949
7,6,Maurice Greene,percent,0.49873854638009046,0.25,0.0,1.0,0,0.5
7,7,Maurice Greene,percent,0.4877168020092652,0.24149659863945577,0.0,0.9659863945578231,0,0.48299319727891155
7,8,Maurice Greene,percent,0.22043268766160307,0.05294117647058823,0.0,0.2117647058823529,1,0.10588235294117646
7,1,Misty May-Treanor,percent,0.4930555555555556,0.2465277777777778,0.0,0.9861111111111112,0,0.4930555555555556
7,2,Misty May-Treanor,percent,0.49316553544494723,0.24660633484162897,0.0,0.9864253393665159,0,0.49321266968325794
7,1,Rocco DiSpirito,percent,0.49702380952380953,0.2465277777777778,0.003968253968253968,0.9900793650793651,0,0.49702380952380953
7,2,Rocco DiSpirito,percent,0.49752343244990305,0.24660633484162897,0.004524886877828052,0.9909502262443439,0,0.497737556561086
7,4,Rocco DiSpirito,percent,0.19600032475412799,0.03338806787082649,0.0,0.13355227148330595,1,0.06677613574165298
7,1,Susan Lucci,percent,0.4930555555555556,0.2465277777777778,-0.0,0.9861111111111112,0,0.4930555555555556
7,2,Susan Lucci,percent,0.49316553544494723,0.24660633484162897,0.0,0.9864253393665159,0,0.49321266968325794
7,4,Susan Lucci,percent,0.4979496606334841,0.25,0.0,1.0,0,0.5
7,5,Susan Lucci,percent,0.49579515460030166,0.24743589743589745,0.0,0.9897435897435898,0,0.4948717948717949
7,6,Susan Lucci,percent,0.49873854638009046,0.25,0.0,1.0,0,0.5
7,7,Susan Lucci,percent,0.20914537343783668,0.04251700680272109,0.0,0.17006802721088435,1,0.08503401360544217
7,1,Ted McGinley,percent,0.04464285714285713,0.022321428571428565,0.0,0.08928571428571426,1,0.04464285714285713
7,1,Toni Braxton,percent,0.4930555555555556,0.2465277777777778,0.0,0.9861111111111112,0,0.4930555555555556
7,2,Toni Braxton,percent,0.49316553544494723,0.24660633484162897,0.0,0.9864253393665159,0,0.49321266968325794
7,4,Toni Braxton,percent,0.4979496606334841,0.25,0.0,1.0,0,0.5
7,5,Toni Braxton,percent,0.1973977187028657,0.034294871794871784,0.0,0.13717948717948714,1,0.06858974358974357
7,1,Warren Sapp,percent,0.4930555555555556,0.2465277777777778,0.0,0.9861111111111112,0,0.4930555555555556
7,2,Warren Sapp,percent,0.49316553544494723,0.24660633484162897,0.0,0.9864253393665159,0,0.49321266968325794
7,4,Warren Sapp,percent,0.4979496606334841,0.25,0.0,1.0,0,0.5
7,5,Warren Sapp,percent,0.49579515460030166,0.24743589743589745,0.0,0.9897435897435898,0,0.4948717948717949
7,6,Warren Sapp,percent,0.49873854638009046,0.25,0.0,1.0,0,0.5
7,7,Warren Sapp,percent,0.5020025162949795,0.24149659863945577,0.020408163265306117,0.9863945578231292,0,0.5034013605442177
7,8,Warren Sapp,percent,0.5006007548884939,0.25,0.0,1.0,0,0.5
7,9,Warren Sapp,percent,0.5001802264665481,0.25,0.0,1.0,0,0.5
8,2,Belinda Carlisle,percent,0.04296081277213353,0.021480406386066766,0.0,0.08592162554426706,1,0.04296081277213353
8,2,Chuck Wicks,percent,0.48867924528301887,0.24433962264150944,0.0,0.9773584905660377,0,0.48867924528301887
8,3,Chuck Wicks,percent,0.486958104293567,0.24311023622047245,0.0,0.9724409448818898,0,0.4862204724409449
8,4,Chuck Wicks,percent,0.4946411502963345,0.24896694214876033,0.0,0.9958677685950413,0,0.49793388429752067
8,5,Chuck Wicks,percent,0.4867256784222337,0.24166666666666667,0.0,0.9666666666666667,0,0.48333333333333334
8,6,Chuck Wicks,percent,0.4960177035266701,0.25,0.0,1.0,0,0.5
8,7,Chuck Wicks,percent,0.49880531105800097,0.25,0.0,1.0,0,0.5
8,8,Chuck Wicks,percent,0.2090967215225285,0.04246794871794872,0.0,0.16987179487179488,1,0.08493589743589744
8,2,David Alan Grier,percent,0.49245283018867925,0.24433962264150944,0.0037735849056603765,0.9811320754716981,0,0.49245283018867925
8,3,David Alan Grier,percent,0.48809017976526514,0.24311023622047245,0.0,0.9724409448818898,0,0.4862204724409449
8,4,David Alan Grier,percent,0.4949807729378439,0.24896694214876033,0.0,0.9958677685950413,0,0.49793388429752067
8,5,David Alan Grier,percent,0.18960534299246426,0.02936507936507936,0.0,0.11746031746031745,1,0.05873015873015872
8,2,Denise Richards,percent,0.48867924528301887,0.24433962264150944,0.0,0.9773584905660377,0,0.48867924528301887
8,3,Denise Richards,percent,0.18288986282375078,0.025918635170603666,0.0,0.10367454068241466,1,0.05183727034120733
8,2,Gilles Marini,percent,0.48867924528301887,0.24433962264150944,0.0,0.9773584905660377,0,0.48867924528301887
8,3,Gilles Marini,percent,0.486958104293567,0.24311023622047245,0.0,0.9724409448818898,0,0.4862204724409449
8,4,Gilles Marini,percent,0.4946411502963345,0.24896694214876033,0.0,0.9958677685950413,0,0.49793388429752067
8,5,Gilles Marini,percent,0.4867256784222337,0.24166666666666667,0.0,0.9666666666666667,0,0.48333333333333334
8,6,Gilles Marini,percent,0.4960177035266701,0.25,0.0,1.0,0,0.5
8,7,Gilles Marini,percent,0.49880531105800097,0.25,0.0,1.0,0,0.5
8,8,Gilles Marini,percent,0.49403261895842593,0.24599358974358976,0.0,0.983974358974359,0,0.4919871794871795
8,9,Gilles Marini,percent,0.4903446171482019,0.2443820224719101,0.0,0.9775280898876404,0,0.4887640449438202
8,10,Gilles Marini,percent,0.4971033851444605,0.25,0.0,1.0,0,0.5
8,2,Holly Madison,percent,0.48867924528301887,0.24433962264150944,0.0,0.9773584905660377,0,0.48867924528301887
8,3,Holly Madison,percent,0.486958104293567,0.24311023622047245,0.0,0.9724409448818898,0,0.4862204724409449
8,4,Holly Madison,percent,0.19121139823021882,0.03223140495867768,0.0,0.1289256198347107,1,0.06446280991735535
8,2,Lawrence Taylor,percent,0.48867924528301887,0.24433962264150944,0.0,0.9773584905660377,0,0.48867924528301887
8,3,Lawrence Taylor,percent,0.486958104293567,0.24311023622047245,0.0,0.9724409448818898,0,0.4862204724409449
8,4,Lawrence Taylor,percent,0.4946411502963345,0.24896694214876033,0.0,0.9958677685950413,0,0.49793388429752067
8,5,Lawrence Taylor,percent,0.4933923450889003,0.24166666666666667,0.009523809523809532,0.9761904761904762,0,0.4928571428571428
8,6,Lawrence Taylor,percent,0.4980177035266701,0.25,0.0,1.0,0,0.5
8,7,Lawrence Taylor,percent,0.2090206956733856,0.04258241758241758,0.0,0.1703296703296703,1,0.08516483516483515
8,2,Lil' Kim,percent,0.48867924528301887,0.24433962264150944,0.0,0.9773584905660377,0,0.48867924528301887
8,3,Lil' Kim,percent,0.486958104293567,0.24311023622047245,0.0,0.9724409448818898,0,0.4862204724409449
8,4,Lil' Kim,percent,0.4946411502963345,0.24896694214876033,0.0,0.9958677685950413,0,0.49793388429752067
8,5,Lil' Kim,percent,0.4867256784222337,0.24166666666666667,0.0,0.9666666666666667,0,0.48333333333333334
8,6,Lil' Kim,percent,0.4960177035266701,0.25,0.0,1.0,0,0.5
8,7,Lil' Kim,percent,0.49880531105800097,0.25,0.0,1.0,0,0.5
8,8,Lil' Kim,percent,0.49403261895842593,0.24599358974358976,0.0,0.983974358974359,0,0.4919871794871795
8,9,Lil' Kim,percent,0.22004499168003713,0.05131086142322098,0.0,0.2052434456928839,1,0.10262172284644196
8,2,Melissa Rycroft,percent,0.48867924528301887,0.24433962264150944,0.0,0.9773584905660377,0,0.48867924528301887
8,3,Melissa Rycroft,percent,0.486958104293567,0.24311023622047245,0.0,0.9724409448818898,0,0.4862204724409449
8,4,Melissa Rycroft,percent,0.4946411502963345,0.24896694214876033,0.0,0.9958677685950413,0,0.49793388429752067
8,5,Melissa Rycroft,percent,0.4867256784222337,0.24166666666666667,0.0,0.9666666666666667,0,0.48333333333333334
8,6,Melissa Rycroft,percent,0.4960177035266701,0.25,0.0,1.0,0,0.5
8,7,Melissa Rycroft,percent,0.49880531105800097,0.25,0.0,1.0,0,0.5
8,8,Melissa Rycroft,percent,0.5052505676763746,0.24599358974358976,0.016025641025641024,1.0,0,0.5080128205128205
8,9,Melissa Rycroft,percent,0.4937100017635865,0.2443820224719101,0.0,0.9775280898876404,0,0.4887640449438202
8,10,Melissa Rycroft,percent,0.4981130005290759,0.25,0.0,1.0,0,0.5
8,2,Shawn Johnson,percent,0.48867924528301887,0.24433962264150944,0.0,0.9773584905660377,0,0.48867924528301887
8,3,Shawn Johnson,percent,0.486958104293567,0.24311023622047245,0.0,0.9724409448818898,0,0.4862204724409449
8,4,Shawn Johnson,percent,0.4946411502963345,0.24896694214876033,0.0,0.9958677685950413,0,0.49793388429752067
8,5,Shawn Johnson,percent,0.4867256784222337,0.24166666666666667,0.0,0.9666666666666667,0,0.48333333333333334
8,6,Shawn Johnson,percent,0.4960177035266701,0.25,0.0,1.0,0,0.5
8,7,Shawn Johnson,percent,0.49880531105800097,0.25,0.0,1.0,0,0.5
8,8,Shawn Johnson,percent,0.49403261895842593,0.24599358974358976,0.0,0.983974358974359,0,0.4919871794871795
8,9,Shawn Johnson,percent,0.4903446171482019,0.2443820224719101,0.0,0.9775280898876404,0,0.4887640449438202
8,10,Shawn Johnson,percent,0.4971033851444605,0.25,0.0,1.0,0,0.5
8,2,Steve Wozniak,percent,0.49245283018867925,0.24433962264150944,0.0037735849056603765,0.9811320754716981,0,0.49245283018867925
8,3,Steve Wozniak,percent,0.5046256128361313,0.24311023622047245,0.023622047244094488,0.9960629921259843,0,0.5098425196850394
8,4,Steve Wozniak,percent,0.20171826236323606,0.0359504132231405,0.0,0.143801652892562,1,0.071900826446281
8,2,Steve-O,percent,0.5037735849056604,0.24433962264150944,0.015094339622641506,0.9924528301886792,0,0.5037735849056604
8,3,Steve-O,percent,0.49424231169217053,0.24311023622047245,0.003937007874015748,0.9763779527559056,0,0.49015748031496065
8,4,Steve-O,percent,0.4997189744993867,0.24896694214876033,0.004132231404958678,1.0,0,0.5020661157024794
8,5,Steve-O,percent,0.5015823590164826,0.24166666666666667,0.01904761904761905,0.9857142857142858,0,0.5023809523809524
8,6,Steve-O,percent,0.20786718082322433,0.04099462365591397,0.0,0.16397849462365588,1,0.08198924731182794
8,2,Ty Murray,percent,0.48867924528301887,0.24433962264150944,0.0,0.9773584905660377,0,0.48867924528301887
8,3,Ty Murray,percent,0.486958104293567,0.24311023622047245,0.0,0.9724409448818898,0,0.4862204724409449
8,4,Ty Murray,percent,0.4946411502963345,0.24896694214876033,0.0,0.9958677685950413,0,0.49793388429752067
8,5,Ty Murray,percent,0.490059011755567,0.24166666666666667,0.004761904761904759,0.9714285714285714,0,0.4880952380952381
8,6,Ty Murray,percent,0.4970177035266701,0.25,0.0,1.0,0,0.5
8,7,Ty Murray,percent,0.499105311058001,0.25,0.0,1.0,0,0.5
8,8,Ty Murray,percent,0.4941226189584259,0.24599358974358976,0.0,0.983974358974359,0,0.4919871794871795
8,9,Ty Murray,percent,0.5061019542268536,0.2443820224719101,0.02247191011235955,1.0,0,0.5112359550561798
8,10,Ty Murray,percent,0.25011825750093275,0.0702054794520548,0.0,0.2808219178082192,1,0.1404109589041096
9,1,Aaron Carter,percent,0.5,0.25,0.0,1.0,0,0.5
9,2,Aaron Carter,percent,0.5,0.25,0.0,1.0,0,0.5
9,3,Aaron Carter,percent,0.4932170542635659,0.2451550387596899,0.0,0.9806201550387597,0,0.4903100775193798
9,4,Aaron Carter,percent,0.4950725542955987,0.24793388429752067,0.0,0.9917355371900827,0,0.49586776859504134
9,5,Aaron Carter,percent,0.497075485296944,0.24896694214876033,0.0,0.9958677685950413,0,0.49793388429752067
9,6,Aaron Carter,percent,0.49643005934551543,0.2480767241117373,0.0,0.9923068964469492,0,0.4961534482234746
9,7,Aaron Carter,percent,0.4989290178036546,0.25,0.0,1.0,0,0.5
9,8,Aaron Carter,percent,0.22288481221132536,0.05229007633587785,0.0,0.2091603053435114,1,0.1045801526717557
9,1,Ashley Hamiliton,percent,0.04170775057241604,0.02085387528620802,0.0,0.08341550114483208,1,0.04170775057241604
9,1,Chuck Liddell,percent,0.5,0.25,0.0,1.0,0,0.5
9,2,Chuck Liddell,percent,0.5,0.25,0.0,1.0,0,0.5
9,3,Chuck Liddell,percent,0.4932170542635659,0.2451550387596899,-0.0,0.9806201550387597,0,0.4903100775193798
9,4,Chuck Liddell,percent,0.18701470305592924,0.02789256198347107,0.0,0.11157024793388429,1,0.05578512396694214
9,1,Debi Mazar,percent,0.5,0.25,0.0,1.0,0,0.5
9,2,Debi Mazar,percent,0.5,0.25,0.0,1.0,0,0.5
9,3,Debi Mazar,percent,0.18078413834227788,0.021988670244484202,0.0,0.08795468097793681,1,0.043977340488968404
9,1,Donny Osmond,percent,0.5,0.25,0.0,1.0,0,0.5
9,2,Donny Osmond,percent,0.5,0.25,0.0,1.0,0,0.5
9,3,Donny Osmond,percent,0.4932170542635659,0.2451550387596899,0.0,0.9806201550387597,0,0.4903100775193798
9,4,Donny Osmond,percent,0.4950725542955987,0.24793388429752067,0.0,0.9917355371900827,0,0.49586776859504134
9,5,Donny Osmond,percent,0.497075485296944,0.24896694214876033,0.0,0.9958677685950413,0,0.49793388429752067
9,6,Donny Osmond,percent,0.49643005934551543,0.2480767241117373,0.0,0.9923068964469492,0,0.4961534482234746
9,7,Donny Osmond,percent,0.4989290178036546,0.25,0.0,1.0,0,0.5
9,8,Donny Osmond,percent,0.4996787053410964,0.25,-0.0,1.0,0,0.5
9,9,Donny Osmond,percent,0.5042781891399392,0.24218684814229052,0.021875700197719394,0.9906230927668814,0,0.5062493964823004
9,1,Joanna Krupa,percent,0.5,0.25,0.0,1.0,0,0.5
9,2,Joanna Krupa,percent,0.5,0.25,0.0,1.0,0,0.5
9,3,Joanna Krupa,percent,0.4932170542635659,0.2451550387596899,0.0,0.9806201550387597,0,0.4903100775193798
9,4,Joanna Krupa,percent,0.4950725542955987,0.24793388429752067,0.0,0.9917355371900827,0,0.49586776859504134
9,5,Joanna Krupa,percent,0.497075485296944,0.24896694214876033,0.0,0.9958677685950413,0,0.49793388429752067
9,6,Joanna Krupa,percent,0.49643005934551543,0.2480767241117373,0.0,0.9923068964469492,0,0.4961534482234746
9,7,Joanna Krupa,percent,0.4989290178036546,0.25,0.0,1.0,0,0.5
9,8,Joanna Krupa,percent,0.4996787053410964,0.25,0.0,1.0,0,0.5
9,9,Joanna Krupa,percent,0.2363095570602664,0.06171853246995537,0.0,0.2468741298798215,1,0.12343706493991075
9,1,Kathy Ireland,percent,0.5,0.25,0.0,1.0,0,0.5
9,2,Kathy Ireland,percent,0.17857142857142858,0.020408163265306124,0.0,0.0816326530612245,1,0.04081632653061225
9,1,Kelly Osbourne,percent,0.5,0.25,0.0,1.0,0,0.5
9,2,Kelly Osbourne,percent,0.5,0.25,0.0,1.0,0,0.5
9,3,Kelly Osbourne,percent,0.4932170542635659,0.2451550387596899,0.0,0.9806201550387597,0,0.4903100775193798
9,4,Kelly Osbourne,percent,0.4950725542955987,0.24793388429752067,0.0,0.9917355371900827,0,0.49586776859504134
9,5,Kelly Osbourne,percent,0.497075485296944,0.24896694214876033,0.0,0.9958677685950413,0,0.49793388429752067
9,6,Kelly Osbourne,percent,0.49643005934551543,0.2480767241117373,0.0,0.9923068964469492,0,0.4961534482234746
9,7,Kelly Osbourne,percent,0.4989290178036546,0.25,0.0,1.0,0,0.5
9,8,Kelly Osbourne,percent,0.4996787053410964,0.25,0.0,1.0,0,0.5
9,9,Kelly Osbourne,percent,0.4955290340647186,0.2421868481422905,0.009376907233118598,0.9781242998022806,0,0.49375060351769956
9,1,Louie Vito,percent,0.5,0.25,0.0,1.0,0,0.5
9,2,Louie Vito,percent,0.5,0.25,0.0,1.0,0,0.5
9,3,Louie Vito,percent,0.4932170542635659,0.2451550387596899,0.0,0.9806201550387597,0,0.4903100775193798
9,4,Louie Vito,percent,0.4979651162790697,0.24793388429752067,0.004132231404958678,0.9958677685950413,0,0.5
9,5,Louie Vito,percent,0.49794325389198535,0.24896694214876033,-0.0,0.9958677685950413,0,0.49793388429752067
9,6,Louie Vito,percent,0.2005367133343781,0.03653838369055893,0.0,0.14615353476223572,1,0.07307676738111786
9,1,Macy Gray,percent,0.04170775057241604,0.02085387528620802,0.0,0.08341550114483208,1,0.04170775057241604
9,1,Mark Dacascos,percent,0.5,0.25,0.0,1.0,0,0.5
9,2,Mark Dacascos,percent,0.5,0.25,0.0,1.0,0,0.5
9,3,Mark Dacascos,percent,0.4932170542635659,0.2451550387596899,0.0,0.9806201550387597,0,0.4903100775193798
9,4,Mark Dacascos,percent,0.4950725542955987,0.24793388429752067,0.0,0.9917355371900827,0,0.49586776859504134
9,5,Mark Dacascos,percent,0.497075485296944,0.24896694214876033,0.0,0.9958677685950413,0,0.49793388429752067
9,6,Mark Dacascos,percent,0.49643005934551543,0.2480767241117373,0.0,0.9923068964469492,0,0.4961534482234746
9,7,Mark Dacascos,percent,0.21490717544847893,0.04712725546058879,0.0,0.18850902184235516,1,0.09425451092117758
9,1,Melissa Joan Hart,percent,0.5,0.25,0.0,1.0,0,0.5
9,2,Melissa Joan Hart,percent,0.5,0.25,0.0,1.0,0,0.5
9,3,Melissa Joan Hart,percent,0.4932170542635659,0.2451550387596899,0.0,0.9806201550387597,0,0.4903100775193798
9,4,Melissa Joan Hart,percent,0.4950725542955987,0.24793388429752067,0.0,0.9917355371900827,0,0.49586776859504134
9,5,Melissa Joan Hart,percent,0.497075485296944,0.24896694214876033,0.0,0.9958677685950413,0,0.49793388429752067
9,6,Melissa Joan Hart,percent,0.20027650054473498,0.036538467825465555,0.0,0.14615387130186222,1,0.07307693565093111
9,1,Michael Irvin,percent,0.5,0.25,0.0,1.0,0,0.5
9,2,Michael Irvin,percent,0.5,0.25,0.0,1.0,0,0.5
9,3,Michael Irvin,percent,0.5013565891472868,0.2451550387596899,0.011627906976744193,0.9922480620155039,0,0.501937984496124
9,4,Michael Irvin,percent,0.500406976744186,0.24793388429752067,0.004132231404958678,0.9958677685950413,0,0.5
9,5,Michael Irvin,percent,0.5015683740149913,0.24896694214876033,0.004132231404958678,1.0,0,0.5020661157024794
9,6,Michael Irvin,percent,0.5031630984480652,0.2480767241117373,0.007693103553050765,1.0,0,0.5038465517765254
9,7,Michael Irvin,percent,0.21360325052207385,0.044753086419753084,0.0,0.17901234567901234,1,0.08950617283950617
9,1,Mya,percent,0.5,0.25,0.0,1.0,0,0.5
9,2,Mya,percent,0.5,0.25,0.0,1.0,0,0.5
9,3,Mya,percent,0.4932170542635659,0.2451550387596899,0.0,0.9806201550387597,0,0.4903100775193798
9,4,Mya,percent,0.4950725542955987,0.24793388429752067,0.0,0.9917355371900827,0,0.49586776859504134
9,5,Mya,percent,0.497075485296944,0.24896694214876033,0.0,0.9958677685950413,0,0.49793388429752067
9,6,Mya,percent,0.49643005934551543,0.2480767241117373,0.0,0.9923068964469492,0,0.4961534482234746
9,7,Mya,percent,0.4989290178036546,0.25,0.0,1.0,0,0.5
9,8,Mya,percent,0.4996787053410964,0.25,0.0,1.0,0,0.5
9,9,Mya,percent,0.4889651990015356,0.24218684814229052,0.0,0.9687473925691621,0,0.48437369628458105
9,1,Natalie Coughlin,percent,0.5,0.25,0.0,1.0,0,0.5
9,2,Natalie Coughlin,percent,0.5,0.25,0.0,1.0,0,0.5
9,3,Natalie Coughlin,percent,0.4932170542635659,0.2451550387596899,0.0,0.9806201550387597,0,0.4903100775193798
9,4,Natalie Coughlin,percent,0.4950725542955987,0.24793388429752067,0.0,0.9917355371900827,0,0.49586776859504134
9,5,Natalie Coughlin,percent,0.18670358447049779,0.027272727272727268,0.0,0.10909090909090907,1,0.054545454545454536
9,1,Tom DeLay,percent,0.5,0.25,0.0,1.0,0,0.5
9,2,Tom DeLay,percent,0.5,0.25,-0.0,1.0,0,0.5
9,3,Tom DeLay,percent,0.49864341085271313,0.2451550387596899,0.007751937984496131,0.9883720930232558,0,0.49806201550387597
10,2,Aiden Turner,percent,0.4636363636363636,0.22954545454545455,0.004545454545454547,0.9227272727272727,0,0.4636363636363636
10,3,Aiden Turner,percent,0.489090909090909,0.25,0.0,1.0,0,0.5
10,4,Aiden Turner,percent,0.19337297503335238,0.03331835879005691,0.0,0.13327343516022763,1,0.06663671758011382
10,2,Buzz Aldrin,percent,0.4954545454545455,0.22954545454545455,0.03636363636363637,0.9545454545454546,0,0.4954545454545455
10,3,Buzz Aldrin,percent,0.19622257053291536,0.033990147783251226,0.0,0.1359605911330049,1,0.06798029556650245
10,2,Chad Ochocinco,percent,0.4772727272727273,0.22954545454545455,0.018181818181818188,0.9363636363636364,0,0.4772727272727273
10,3,Chad Ochocinco,percent,0.49318181818181817,0.25,0.0,1.0,0,0.5
10,4,Chad Ochocinco,percent,0.49701114922813033,0.24932614555256066,0.0,0.9973045822102427,0,0.4986522911051213
10,5,Chad Ochocinco,percent,0.4991033447684391,0.25,0.0,1.0,0,0.5
10,6,Chad Ochocinco,percent,0.4997310034305317,0.25,0.0,1.0,0,0.5
10,7,Chad Ochocinco,percent,0.49766849717063855,0.24839228295819937,0.0,0.9935691318327975,0,0.49678456591639875
10,8,Chad Ochocinco,percent,0.49930054915119154,0.25,0.0,1.0,0,0.5
10,9,Chad Ochocinco,percent,0.24425919129403,0.06747787610619468,0.0,0.26991150442477874,1,0.13495575221238937
10,2,Erin Andrews,percent,0.4590909090909091,0.22954545454545455,0.0,0.9181818181818182,0,0.4590909090909091
10,3,Erin Andrews,percent,0.4877272727272727,0.25,0.0,1.0,0,0.5
10,4,Erin Andrews,percent,0.4953747855917667,0.24932614555256066,0.0,0.9973045822102427,0,0.4986522911051213
10,5,Erin Andrews,percent,0.49861243567753,0.25,0.0,1.0,0,0.5
10,6,Erin Andrews,percent,0.499583730703259,0.25,0.0,1.0,0,0.5
10,7,Erin Andrews,percent,0.49762431535245677,0.24839228295819937,0.0,0.9935691318327975,0,0.49678456591639875
10,8,Erin Andrews,percent,0.499287294605737,0.25,0.0,1.0,0,0.5
10,9,Erin Andrews,percent,0.49978618838172106,0.25,0.0,1.0,0,0.5
10,2,Evan Lysacek,percent,0.4590909090909091,0.22954545454545455,0.0,0.9181818181818182,0,0.4590909090909091
10,3,Evan Lysacek,percent,0.4877272727272727,0.25,0.0,1.0,0,0.5
10,4,Evan Lysacek,percent,0.4953747855917667,0.24932614555256066,0.0,0.9973045822102427,0,0.4986522911051213
10,5,Evan Lysacek,percent,0.49861243567753,0.25,0.0,1.0,0,0.5
10,6,Evan Lysacek,percent,0.499583730703259,0.25,0.0,1.0,0,0.5
10,7,Evan Lysacek,percent,0.49762431535245677,0.24839228295819937,0.0,0.9935691318327975,0,0.49678456591639875
10,8,Evan Lysacek,percent,0.499287294605737,0.25,0.0,1.0,0,0.5
10,9,Evan Lysacek,percent,0.49978618838172106,0.25,0.0,1.0,0,0.5
10,2,Jake Pavelka,percent,0.4590909090909091,0.22954545454545455,0.0,0.9181818181818182,0,0.4590909090909091
10,3,Jake Pavelka,percent,0.4877272727272727,0.25,0.0,1.0,0,0.5
10,4,Jake Pavelka,percent,0.4953747855917667,0.24932614555256066,0.0,0.9973045822102427,0,0.4986522911051213
10,5,Jake Pavelka,percent,0.49861243567753,0.25,0.0,1.0,0,0.5
10,6,Jake Pavelka,percent,0.20771772923818232,0.04152428466780238,0.0,0.1660971386712095,1,0.08304856933560475
10,2,Kate Gosselin,percent,0.4818181818181818,0.22954545454545455,0.022727272727272735,0.9409090909090909,0,0.4818181818181818
10,3,Kate Gosselin,percent,0.4945454545454545,0.25,0.0,1.0,0,0.5
10,4,Kate Gosselin,percent,0.4993070325900514,0.24932614555256066,0.002695417789757404,1.0,0,0.5013477088948787
10,5,Kate Gosselin,percent,0.20694528896776684,0.040823699421965315,0.0,0.16329479768786126,1,0.08164739884393063
10,2,Nicole Scherzinger,percent,0.4590909090909091,0.22954545454545455,0.0,0.9181818181818182,0,0.4590909090909091
10,3,Nicole Scherzinger,percent,0.4877272727272727,0.25,0.0,1.0,0,0.5
10,4,Nicole Scherzinger,percent,0.4953747855917667,0.24932614555256066,0.0,0.9973045822102427,0,0.4986522911051213
10,5,Nicole Scherzinger,percent,0.49861243567753,0.25,0.0,1.0,0,0.5
10,6,Nicole Scherzinger,percent,0.499583730703259,0.25,0.0,1.0,0,0.5
10,7,Nicole Scherzinger,percent,0.49762431535245677,0.24839228295819937,0.0,0.9935691318327975,0,0.49678456591639875
10,8,Nicole Scherzinger,percent,0.499287294605737,0.25,0.0,1.0,0,0.5
10,9,Nicole Scherzinger,percent,0.49978618838172106,0.25,0.0,1.0,0,0.5
10,2,Niecy Nash,percent,0.4590909090909091,0.22954545454545455,0.0,0.9181818181818182,0,0.4590909090909091
10,3,Niecy Nash,percent,0.4877272727272727,0.25,0.0,1.0,0,0.5
10,4,Niecy Nash,percent,0.4953747855917667,0.24932614555256066,0.0,0.9973045822102427,0,0.4986522911051213
10,5,Niecy Nash,percent,0.49861243567753,0.25,0.0,1.0,0,0.5
10,6,Niecy Nash,percent,0.499583730703259,0.25,0.0,1.0,0,0.5
10,7,Niecy Nash,percent,0.5021259230694985,0.24839228295819937,0.006430868167202564,1.0,0,0.5032154340836013
10,8,Niecy Nash,percent,0.23115161091294442,0.0575098814229249,0.0,0.2300395256916996,1,0.1150197628458498
10,2,Pamela Anderson,percent,0.4590909090909091,0.22954545454545455,0.0,0.9181818181818182,0,0.4590909090909091
10,3,Pamela Anderson,percent,0.4877272727272727,0.25,0.0,1.0,0,0.5
10,4,Pamela Anderson,percent,0.4953747855917667,0.24932614555256066,0.0,0.9973045822102427,0,0.4986522911051213
10,5,Pamela Anderson,percent,0.49861243567753,0.25,0.0,1.0,0,0.5
10,6,Pamela Anderson,percent,0.499583730703259,0.25,0.0,1.0,0,0.5
10,7,Pamela Anderson,percent,0.20914628748536143,0.042336548767416944,0.0,0.16934619506966778,1,0.08467309753483389
10,2,Shannen Doherty,percent,0.04545454545454545,0.022727272727272724,0.0,0.0909090909090909,1,0.04545454545454545
11,1,Audrina Patridge,percent,0.5,0.25,0.0,1.0,0,0.5
11,2,Audrina Patridge,percent,0.5,0.25,0.0,1.0,0,0.5
11,3,Audrina Patridge,percent,0.5,0.25,0.0,1.0,0,0.5
11,4,Audrina Patridge,percent,0.5,0.25,0.0,1.0,0,0.5
11,5,Audrina Patridge,percent,0.4923076923076922,0.2445054945054945,0.0,0.978021978021978,0,0.489010989010989
11,6,Audrina Patridge,percent,0.19358618269574968,0.03278133928817288,0.0,0.13112535715269152,1,0.06556267857634576
11,1,Brandy,percent,0.5,0.25,0.0,1.0,0,0.5
11,2,Brandy,percent,0.5,0.25,0.0,1.0,0,0.5
11,3,Brandy,percent,0.5,0.25,0.0,1.0,0,0.5
11,4,Brandy,percent,0.5,0.25,0.0,1.0,0,0.5
11,5,Brandy,percent,0.4923076923076922,0.2445054945054945,0.0,0.978021978021978,0,0.489010989010989
11,6,Brandy,percent,0.46218595573846033,0.22463832003296624,0.0,0.898553280131865,0,0.4492766400659325
11,7,Brandy,percent,0.4836198154985165,0.24640287769784175,0.0,0.985611510791367,0,0.4928057553956835
11,8,Brandy,percent,0.4937651899325738,0.2490566037735849,0.0,0.9962264150943396,0,0.4981132075471698
11,9,Brandy,percent,0.23562955697977211,0.06249999999999999,0.0,0.24999999999999997,1,0.12499999999999999
11,1,Bristol Palin,percent,0.5,0.25,0.0,1.0,0,0.5
11,2,Bristol Palin,percent,0.5,0.25,0.0,1.0,0,0.5
11,3,Bristol Palin,percent,0.5,0.25,0.0,1.0,0,0.5
11,4,Bristol Palin,percent,0.5,0.25,0.0,1.0,0,0.5
11,5,Bristol Palin,percent,0.5038461538461538,0.2445054945054945,0.016483516483516494,0.9945054945054945,0,0.5054945054945055
11,6,Bristol Palin,percent,0.4791741099904871,0.22463832003296624,0.019323736843554568,0.9178770169754196,0,0.4686003769094871
11,7,Bristol Palin,percent,0.4954308900714866,0.24640287769784175,0.009592326139088725,0.9952038369304557,0,0.5023980815347722
11,8,Bristol Palin,percent,0.49995002173842706,0.2490566037735849,0.0037735849056603765,1.0,0,0.5018867924528302
11,9,Bristol Palin,percent,0.5061253573987211,0.24561403508771928,0.017543859649122806,1.0,0,0.5087719298245614
11,1,David Hasselhoff,percent,0.050293685756240825,0.025146842878120412,0.0,0.10058737151248165,1,0.050293685756240825
11,1,Florence Henderson,percent,0.5,0.25,0.0,1.0,0,0.5
11,2,Florence Henderson,percent,0.5,0.25,0.0,1.0,0,0.5
11,3,Florence Henderson,percent,0.5,0.25,0.0,1.0,0,0.5
11,4,Florence Henderson,percent,0.5,0.25,0.0,1.0,0,0.5
11,5,Florence Henderson,percent,0.19711538461538458,0.033653846153846145,0.0,0.13461538461538458,1,0.06730769230769229
11,1,Jennifer Grey,percent,0.5,0.25,0.0,1.0,0,0.5
11,2,Jennifer Grey,percent,0.5,0.25,0.0,1.0,0,0.5
11,3,Jennifer Grey,percent,0.5,0.25,0.0,1.0,0,0.5
11,4,Jennifer Grey,percent,0.5,0.25,0.0,1.0,0,0.5
11,5,Jennifer Grey,percent,0.4923076923076922,0.2445054945054945,0.0,0.978021978021978,0,0.489010989010989
11,6,Jennifer Grey,percent,0.472330241250537,0.22463832003296624,0.014491836445823747,0.9130451165776887,0,0.46376847651175623
11,7,Jennifer Grey,percent,0.4866631011521395,0.24640287769784175,0.0,0.985611510791367,0,0.4928057553956835
11,8,Jennifer Grey,percent,0.4946781756286607,0.2490566037735849,0.0,0.9962264150943396,0,0.4981132075471698
11,9,Jennifer Grey,percent,0.4922631018114052,0.24561403508771928,0.0,0.9824561403508771,0,0.49122807017543857
11,1,Kurt Warner,percent,0.5,0.25,0.0,1.0,0,0.5
11,2,Kurt Warner,percent,0.5,0.25,0.0,1.0,0,0.5
11,3,Kurt Warner,percent,0.5,0.25,0.0,1.0,0,0.5
11,4,Kurt Warner,percent,0.5,0.25,0.0,1.0,0,0.5
11,5,Kurt Warner,percent,0.4923076923076922,0.2445054945054945,0.0,0.978021978021978,0,0.489010989010989
11,6,Kurt Warner,percent,0.4960021570492861,0.22463832003296624,0.04830885901546529,0.9468621391473303,0,0.4975854990813978
11,7,Kurt Warner,percent,0.4937646758917642,0.24640287769784175,0.0,0.985611510791367,0,0.4928057553956835
11,8,Kurt Warner,percent,0.2247331763524349,0.05471698113207547,0.0,0.2188679245283019,1,0.10943396226415095
11,1,Kyle Massey,percent,0.5,0.25,0.0,1.0,0,0.5
11,2,Kyle Massey,percent,0.5,0.25,0.0,1.0,0,0.5
11,3,Kyle Massey,percent,0.5,0.25,0.0,1.0,0,0.5
11,4,Kyle Massey,percent,0.5,0.25,0.0,1.0,0,0.5
11,5,Kyle Massey,percent,0.49615384615384606,0.2445054945054945,0.005494505494505503,0.9835164835164835,0,0.49450549450549447
11,6,Kyle Massey,percent,0.47010277162215597,0.22463832003296624,0.009661385328356198,0.9082146654602212,0,0.45893802539428874
11,7,Kyle Massey,percent,0.4893521744123063,0.24640287769784175,0.0047961630695443624,0.9904076738609113,0,0.49760191846522783
11,8,Kyle Massey,percent,0.4954848976067108,0.2490566037735849,0.0,0.9962264150943396,0,0.4981132075471698
11,9,Kyle Massey,percent,0.4925051184048202,0.24561403508771928,0.0,0.9824561403508771,0,0.49122807017543857
11,1,Margaret Cho,percent,0.5,0.25,-0.0,1.0,0,0.5
11,2,Margaret Cho,percent,0.5,0.25,0.0,1.0,0,0.5
11,3,Margaret Cho,percent,0.19149321266968322,0.029638009049773744,0.0,0.11855203619909498,1,0.05927601809954749
11,1,Michael Bolton,percent,0.5,0.25,0.0,1.0,0,0.5
11,2,Michael Bolton,percent,0.1946318387494858,0.03187988482106129,0.0,0.12751953928424517,1,0.06375976964212259
11,1,Rick Fox,percent,0.5,0.25,0.0,1.0,0,0.5
11,2,Rick Fox,percent,0.5,0.25,0.0,1.0,0,0.5
11,3,Rick Fox,percent,0.5,0.25,0.0,1.0,0,0.5
11,4,Rick Fox,percent,0.5,0.25,0.0,1.0,0,0.5
11,5,Rick Fox,percent,0.4923076923076922,0.2445054945054945,0.0,0.978021978021978,0,0.489010989010989
11,6,Rick Fox,percent,0.4689485873029149,0.22463832003296624,0.009660902234935098,0.9082141823668001,0,0.4589375423008676
11,7,Rick Fox,percent,0.19943757379279292,0.04196642685851319,0.0,0.16786570743405277,1,0.08393285371702638
11,1,The Situation,percent,0.5,0.25,0.0,1.0,0,0.5
11,2,The Situation,percent,0.5,0.25,0.0,1.0,0,0.5
11,3,The Situation,percent,0.5,0.25,0.0,1.0,0,0.5
11,4,The Situation,percent,0.20040347610180012,0.036002482929857235,0.0,0.14400993171942894,1,0.07200496585971447
12,2,Chelsea Kane,percent,0.5,0.25,0.0,1.0,0,0.5
12,3,Chelsea Kane,percent,0.5,0.25,0.0,1.0,0,0.5
12,4,Chelsea Kane,percent,0.4949029126213592,0.24635922330097088,0.0,0.9854368932038835,0,0.49271844660194175
12,5,Chelsea Kane,percent,0.49847087378640775,0.25,0.0,1.0,0,0.5
12,6,Chelsea Kane,percent,0.4995412621359223,0.25,0.0,1.0,0,0.5
12,7,Chelsea Kane,percent,0.49800561471504723,0.24867374005305037,0.0,0.9946949602122015,0,0.49734748010610075
12,8,Chelsea Kane,percent,0.49132476133759106,0.24423076923076922,0.0,0.9769230769230769,0,0.48846153846153845
12,9,Chelsea Kane,percent,0.4973974284012773,0.25,0.0,1.0,0,0.5
12,2,Chris Jericho,percent,0.5,0.25,0.0,1.0,0,0.5
12,3,Chris Jericho,percent,0.5,0.25,0.0,1.0,0,0.5
12,4,Chris Jericho,percent,0.4949029126213592,0.24635922330097088,0.0,0.9854368932038835,0,0.49271844660194175
12,5,Chris Jericho,percent,0.49847087378640775,0.25,0.0,1.0,0,0.5
12,6,Chris Jericho,percent,0.2067634843581445,0.040873015873015874,0.0,0.1634920634920635,1,0.08174603174603175
12,2,Hines Ward,percent,0.5,0.25,0.0,1.0,0,0.5
12,3,Hines Ward,percent,0.5,0.25,0.0,1.0,0,0.5
12,4,Hines Ward,percent,0.4949029126213592,0.24635922330097088,0.0,0.9854368932038835,0,0.49271844660194175
12,5,Hines Ward,percent,0.49847087378640775,0.25,0.0,1.0,0,0.5
12,6,Hines Ward,percent,0.4995412621359223,0.25,0.0,1.0,0,0.5
12,7,Hines Ward,percent,0.49800561471504723,0.24867374005305037,0.0,0.9946949602122015,0,0.49734748010610075
12,8,Hines Ward,percent,0.49132476133759106,0.24423076923076922,0.0,0.9769230769230769,0,0.48846153846153845
12,9,Hines Ward,percent,0.4973974284012773,0.25,0.0,1.0,0,0.5
12,2,Kendra Wilkinson,percent,0.5,0.25,0.0,1.0,0,0.5
12,3,Kendra Wilkinson,percent,0.5,0.25,0.0,1.0,0,0.5
12,4,Kendra Wilkinson,percent,0.5050970873786408,0.24635922330097088,0.014563106796116498,1.0,0,0.5072815533980582
12,5,Kendra Wilkinson,percent,0.5015291262135922,0.25,-0.0,1.0,0,0.5
12,6,Kendra Wilkinson,percent,0.5004587378640777,0.25,0.0,1.0,0,0.5
12,7,Kendra Wilkinson,percent,0.21017298829114195,0.04288240495137047,0.0,0.17152961980548187,1,0.08576480990274093
12,2,Kirstie Alley,percent,0.5,0.25,0.0,1.0,0,0.5
12,3,Kirstie Alley,percent,0.5,0.25,0.0,1.0,0,0.5
12,4,Kirstie Alley,percent,0.4949029126213592,0.24635922330097088,0.0,0.9854368932038835,0,0.49271844660194175
12,5,Kirstie Alley,percent,0.49847087378640775,0.25,0.0,1.0,0,0.5
12,6,Kirstie Alley,percent,0.4995412621359223,0.25,0.0,1.0,0,0.5
12,7,Kirstie Alley,percent,0.49986237864077665,0.24867374005305037,0.0026525198938992245,0.9973474801061007,0,0.5
12,8,Kirstie Alley,percent,0.4918817905153099,0.24423076923076922,0.0,0.9769230769230769,0,0.48846153846153845
12,9,Kirstie Alley,percent,0.4975645371545929,0.25,0.0,1.0,0,0.5
12,2,Mike Catherwood,percent,0.05155723905723904,0.02577861952861952,0.0,0.10311447811447808,1,0.05155723905723904
12,2,Petra Nemcova,percent,0.5,0.25,0.0,1.0,0,0.5
12,3,Petra Nemcova,percent,0.5,0.25,0.0,1.0,0,0.5
12,4,Petra Nemcova,percent,0.4949029126213592,0.24635922330097088,0.0,0.9854368932038835,0,0.49271844660194175
12,5,Petra Nemcova,percent,0.19628015213692318,0.034149484536082464,0.0,0.13659793814432986,1,0.06829896907216493
12,2,Ralph Macchio,percent,0.5,0.25,0.0,1.0,0,0.5
12,3,Ralph Macchio,percent,0.5,0.25,0.0,1.0,0,0.5
12,4,Ralph Macchio,percent,0.4949029126213592,0.24635922330097088,0.0,0.9854368932038835,0,0.49271844660194175
12,5,Ralph Macchio,percent,0.49847087378640775,0.25,0.0,1.0,0,0.5
12,6,Ralph Macchio,percent,0.4995412621359223,0.25,0.0,1.0,0,0.5
12,7,Ralph Macchio,percent,0.49800561471504723,0.24867374005305037,0.0,0.9946949602122015,0,0.49734748010610075
12,8,Ralph Macchio,percent,0.5074786074914371,0.24423076923076922,0.023076923076923078,1.0,0,0.5115384615384615
12,9,Ralph Macchio,percent,0.2557542205453035,0.07393617021276597,0.0,0.29574468085106387,1,0.14787234042553193
12,2,Romeo,percent,0.5,0.25,0.0,1.0,0,0.5
12,3,Romeo,percent,0.5,0.25,0.0,1.0,0,0.5
12,4,Romeo,percent,0.4949029126213592,0.24635922330097088,0.0,0.9854368932038835,0,0.49271844660194175
12,5,Romeo,percent,0.49847087378640775,0.25,0.0,1.0,0,0.5
12,6,Romeo,percent,0.4995412621359223,0.25,0.0,1.0,0,0.5
12,7,Romeo,percent,0.49986237864077665,0.24867374005305037,0.0026525198938992245,0.9973474801061007,0,0.5
12,8,Romeo,percent,0.21995871359223296,0.05,0.0,0.2,1,0.1
12,2,Sugar Ray Leonard,percent,0.5,0.25,-0.0,1.0,0,0.5
12,3,Sugar Ray Leonard,percent,0.5,0.25,0.0,1.0,0,0.5
12,4,Sugar Ray Leonard,percent,0.19209816612729233,0.03007011866235167,0.0,0.12028047464940668,1,0.06014023732470334
12,2,Wendy Williams,percent,0.5,0.25,0.0,1.0,0,0.5
12,3,Wendy Williams,percent,0.19546728971962615,0.03247663551401869,0.0,0.12990654205607477,1,0.06495327102803738
13,1,Carson Kressley,percent,0.5,0.25,0.0,1.0,0,0.5
13,2,Carson Kressley,percent,0.49058295964125553,0.23654708520179368,0.013452914798206275,0.959641255605381,0,0.4865470852017937
13,3,Carson Kressley,percent,0.48536054190081546,0.23945147679324896,0.004219409282700426,0.9620253164556962,0,0.4831223628691983
13,4,Carson Kressley,percent,0.4972828037185699,0.24880382775119617,0.004784688995215308,1.0,0,0.5023923444976076
13,5,Carson Kressley,percent,0.2013125006900391,0.037234042553191495,0.0,0.14893617021276598,1,0.07446808510638299
13,1,Chaz Bono,percent,0.5,0.25,0.0,1.0,0,0.5
13,2,Chaz Bono,percent,0.4937219730941703,0.23654708520179368,0.0179372197309417,0.9641255605381165,0,0.4910313901345291
13,3,Chaz Bono,percent,0.5010701784261414,0.23945147679324896,0.025316455696202528,0.9831223628691984,0,0.5042194092827005
13,4,Chaz Bono,percent,0.498646412379517,0.24880382775119617,0.0,0.9952153110047847,0,0.49760765550239233
13,5,Chaz Bono,percent,0.4995939237138551,0.25,0.0,1.0,0,0.5
13,6,Chaz Bono,percent,0.2098179361503011,0.042814113597246135,0.0,0.17125645438898454,1,0.08562822719449227
13,1,Chynna Phillips,percent,0.5,0.25,0.0,1.0,0,0.5
13,2,Chynna Phillips,percent,0.4811659192825112,0.23654708520179368,0.0,0.9461883408071747,0,0.47309417040358737
13,3,Chynna Phillips,percent,0.47958184329530185,0.23945147679324896,0.0,0.9578059071729959,0,0.4789029535864979
13,4,Chynna Phillips,percent,0.1864848666515358,0.03043593833067517,0.0,0.12174375332270068,1,0.06087187666135034
13,1,David Arquette,percent,0.5,0.25,0.0,1.0,0,0.5
13,2,David Arquette,percent,0.49058295964125553,0.23654708520179368,0.013452914798206275,0.959641255605381,0,0.4865470852017937
13,3,David Arquette,percent,0.48240695540292516,0.23945147679324896,0.0,0.9578059071729959,0,0.4789029535864979
13,4,David Arquette,percent,0.49304744547255214,0.24880382775119617,0.0,0.9952153110047847,0,0.49760765550239233
13,5,David Arquette,percent,0.4979142336417656,0.25,0.0,1.0,0,0.5
13,6,David Arquette,percent,0.49937427009252966,0.25,0.0,1.0,0,0.5
13,7,David Arquette,percent,0.21033560298452797,0.04323094425483504,0.0,0.17292377701934017,1,0.08646188850967008
13,1,Elisabetta Canalis,percent,0.5,0.25,0.0,1.0,0,0.5
13,2,Elisabetta Canalis,percent,0.18067672238075824,0.021911944557684467,0.0,0.08764777823073787,1,0.043823889115368934
13,1,Hope Solo,percent,0.5,0.25,0.0,1.0,0,0.5
13,2,Hope Solo,percent,0.48744394618834075,0.23654708520179368,0.00896860986547085,0.9551569506726456,0,0.48206278026905824
13,3,Hope Solo,percent,0.48146525136705076,0.23945147679324896,-0.0,0.9578059071729959,0,0.4789029535864979
13,4,Hope Solo,percent,0.4927649342617898,0.24880382775119617,0.0,0.9952153110047847,0,0.49760765550239233
13,5,Hope Solo,percent,0.4978294802785369,0.25,0.0,1.0,0,0.5
13,6,Hope Solo,percent,0.49934884408356106,0.25,0.0,1.0,0,0.5
13,7,Hope Solo,percent,0.496221035477628,0.24744027303754268,0.0,0.9897610921501707,0,0.49488054607508536
13,8,Hope Solo,percent,0.49886631064328835,0.25,0.0,1.0,0,0.5
13,9,Hope Solo,percent,0.252297309384616,0.07331244013687821,0.0,0.29324976054751284,1,0.14662488027375642
13,1,J.R. Martinez,percent,0.5,0.25,0.0,1.0,0,0.5
13,2,J.R. Martinez,percent,0.4811659192825112,0.23654708520179368,0.0,0.9461883408071747,0,0.47309417040358737
13,3,J.R. Martinez,percent,0.47958184329530185,0.23945147679324896,0.0,0.9578059071729959,0,0.4789029535864979
13,4,J.R. Martinez,percent,0.4921999118402651,0.24880382775119617,0.0,0.9952153110047847,0,0.49760765550239233
13,5,J.R. Martinez,percent,0.49765997355207947,0.25,0.0,1.0,0,0.5
13,6,J.R. Martinez,percent,0.4992979920656238,0.25,0.0,1.0,0,0.5
13,7,J.R. Martinez,percent,0.49620577987224684,0.24744027303754268,0.0,0.9897610921501707,0,0.49488054607508536
13,8,J.R. Martinez,percent,0.498861733961674,0.25,0.0,1.0,0,0.5
13,9,J.R. Martinez,percent,0.4996585201885022,0.25,0.0,1.0,0,0.5
13,1,Kristin Cavallari,percent,0.5,0.25,0.0,1.0,0,0.5
13,2,Kristin Cavallari,percent,0.4811659192825112,0.23654708520179368,0.0,0.9461883408071747,0,0.47309417040358737
13,3,Kristin Cavallari,percent,0.17890673781006983,0.024683544303797468,0.0,0.09873417721518987,1,0.049367088607594936
13,1,Metta World Peace (Ron),percent,0.05107526881720431,0.025537634408602156,0.0,0.10215053763440862,1,0.05107526881720431
13,1,Nancy Grace,percent,0.5,0.25,0.0,1.0,0,0.5
13,2,Nancy Grace,percent,0.4811659192825112,0.23654708520179368,0.0,0.9461883408071747,0,0.47309417040358737
13,3,Nancy Grace,percent,0.4884426027889728,0.23945147679324896,0.012658227848101264,0.9704641350210971,0,0.49156118143459915
13,4,Nancy Grace,percent,0.49485813968836645,0.24880382775119617,0.0,0.9952153110047847,0,0.49760765550239233
13,5,Nancy Grace,percent,0.49845744190650987,0.25,0.0,1.0,0,0.5
13,6,Nancy Grace,percent,0.4995372325719529,0.25,0.0,1.0,0,0.5
13,7,Nancy Grace,percent,0.5034447875190261,0.24744027303754268,0.010238907849829337,1.0,0,0.5051194539249146
13,8,Nancy Grace,percent,0.23157397679624836,0.05752895752895752,0.0,0.2301158301158301,1,0.11505791505791504
13,1,Ricki Lake,percent,0.5,0.25,0.0,1.0,0,0.5
13,2,Ricki Lake,percent,0.4811659192825112,0.23654708520179368,0.0,0.9461883408071747,0,0.47309417040358737
13,3,Ricki Lake,percent,0.47958184329530185,0.23945147679324896,0.0,0.9578059071729959,0,0.4789029535864979
13,4,Ricki Lake,percent,0.4921999118402651,0.24880382775119617,0.0,0.9952153110047847,0,0.49760765550239233
13,5,Ricki Lake,percent,0.49765997355207947,0.25,0.0,1.0,0,0.5
13,6,Ricki Lake,percent,0.4992979920656238,0.25,0.0,1.0,0,0.5
13,7,Ricki Lake,percent,0.49620577987224684,0.24744027303754268,0.0,0.9897610921501707,0,0.49488054607508536
13,8,Ricki Lake,percent,0.498861733961674,0.25,0.0,1.0,0,0.5
13,9,Ricki Lake,percent,0.4996585201885022,0.25,0.0,1.0,0,0.5
13,1,Rob Kardashian,percent,0.5,0.25,0.0,1.0,0,0.5
13,2,Rob Kardashian,percent,0.4811659192825112,0.23654708520179368,0.0,0.9461883408071747,0,0.47309417040358737
13,3,Rob Kardashian,percent,0.47958184329530185,0.23945147679324896,0.0,0.9578059071729959,0,0.4789029535864979
13,4,Rob Kardashian,percent,0.4921999118402651,0.24880382775119617,0.0,0.9952153110047847,0,0.49760765550239233
13,5,Rob Kardashian,percent,0.49765997355207947,0.25,0.0,1.0,0,0.5
13,6,Rob Kardashian,percent,0.4992979920656238,0.25,0.0,1.0,0,0.5
13,7,Rob Kardashian,percent,0.49620577987224684,0.24744027303754268,0.0,0.9897610921501707,0,0.49488054607508536
13,8,Rob Kardashian,percent,0.498861733961674,0.25,0.0,1.0,0,0.5
13,9,Rob Kardashian,percent,0.4996585201885022,0.25,0.0,1.0,0,0.5
14,2,Donald Driver,percent,0.5,0.25,0.0,1.0,0,0.5
14,3,Donald Driver,percent,0.5,0.25,0.0,1.0,0,0.5
14,4,Donald Driver,percent,0.4984978540772532,0.24892703862660945,0.0,0.9957081545064378,0,0.4978540772532189
14,5,Donald Driver,percent,0.499549356223176,0.25,0.0,1.0,0,0.5
14,6,Donald Driver,percent,0.4998648068669528,0.25,0.0,1.0,0,0.5
14,7,Donald Driver,percent,0.49614472816362803,0.24727520435967304,0.0,0.9891008174386922,0,0.4945504087193461
14,8,Donald Driver,percent,0.4956324092747765,0.24617737003058104,0.003058103975535159,0.9877675840978594,0,0.4954128440366973
14,9,Donald Driver,percent,0.49564624452156336,0.2434782608695652,0.008695652173913049,0.9826086956521739,0,0.4956521739130435
14,2,Gavin DeGraw,percent,0.5,0.25,0.0,1.0,0,0.5
14,3,Gavin DeGraw,percent,0.5,0.25,0.0,1.0,0,0.5
14,4,Gavin DeGraw,percent,0.4984978540772532,0.24892703862660945,0.0,0.9957081545064378,0,0.4978540772532189
14,5,Gavin DeGraw,percent,0.19763963400095375,0.03435019841269842,0.0,0.1374007936507937,1,0.06870039682539685
14,2,Gladys Knight,percent,0.5,0.25,0.0,1.0,0,0.5
14,3,Gladys Knight,percent,0.5,0.25,0.0,1.0,0,0.5
14,4,Gladys Knight,percent,0.5015021459227468,0.24892703862660945,0.004291845493562235,1.0,0,0.5021459227467812
14,5,Gladys Knight,percent,0.500450643776824,0.25,0.0,1.0,0,0.5
14,6,Gladys Knight,percent,0.20507696526188632,0.03924412294917079,0.0,0.15697649179668316,1,0.07848824589834158
14,2,Jack Wagner,percent,0.5,0.25,0.0,1.0,0,0.5
14,3,Jack Wagner,percent,0.18363636363636363,0.024025974025974024,0.0,0.0961038961038961,1,0.04805194805194805
14,2,Jaleel White,percent,0.5,0.25,0.0,1.0,0,0.5
14,3,Jaleel White,percent,0.5,0.25,0.0,1.0,0,0.5
14,4,Jaleel White,percent,0.4984978540772532,0.24892703862660945,0.0,0.9957081545064378,0,0.4978540772532189
14,5,Jaleel White,percent,0.499549356223176,0.25,0.0,1.0,0,0.5
14,6,Jaleel White,percent,0.4998648068669528,0.25,0.0,1.0,0,0.5
14,7,Jaleel White,percent,0.20132183988024932,0.036687427014402495,0.0,0.14674970805760998,1,0.07337485402880499
14,2,Katherine Jenkins,percent,0.5,0.25,0.0,1.0,0,0.5
14,3,Katherine Jenkins,percent,0.5,0.25,0.0,1.0,0,0.5
14,4,Katherine Jenkins,percent,0.4984978540772532,0.24892703862660945,0.0,0.9957081545064378,0,0.4978540772532189
14,5,Katherine Jenkins,percent,0.499549356223176,0.25,0.0,1.0,0,0.5
14,6,Katherine Jenkins,percent,0.4998648068669528,0.25,0.0,1.0,0,0.5
14,7,Katherine Jenkins,percent,0.49614472816362803,0.24727520435967304,0.0,0.9891008174386922,0,0.4945504087193461
14,8,Katherine Jenkins,percent,0.4956324092747765,0.24617737003058102,0.003058103975535159,0.9877675840978593,0,0.4954128440366972
14,9,Katherine Jenkins,percent,0.49868972278243295,0.24347826086956523,0.013043478260869573,0.9869565217391305,0,0.5
14,2,Maria Menounos,percent,0.5,0.25,0.0,1.0,0,0.5
14,3,Maria Menounos,percent,0.5,0.25,0.0,1.0,0,0.5
14,4,Maria Menounos,percent,0.4984978540772532,0.24892703862660945,0.0,0.9957081545064378,0,0.4978540772532189
14,5,Maria Menounos,percent,0.499549356223176,0.25,0.0,1.0,0,0.5
14,6,Maria Menounos,percent,0.4998648068669528,0.25,0.0,1.0,0,0.5
14,7,Maria Menounos,percent,0.49614472816362803,0.24727520435967304,0.0,0.9891008174386922,0,0.4945504087193461
14,8,Maria Menounos,percent,0.4999137548405257,0.24617737003058104,0.009174311926605505,0.9938837920489296,0,0.5015290519877675
14,9,Maria Menounos,percent,0.23519151775650554,0.0608695652173913,0.0,0.2434782608695652,1,0.1217391304347826
14,2,Martina Navratilova,percent,0.05173482032218093,0.025867410161090464,0.0,0.10346964064436186,1,0.05173482032218093
14,2,Melissa Gilbert,percent,0.5,0.25,0.0,1.0,0,0.5
14,3,Melissa Gilbert,percent,0.5,0.25,0.0,1.0,0,0.5
14,4,Melissa Gilbert,percent,0.4984978540772532,0.24892703862660945,0.0,0.9957081545064378,0,0.4978540772532189
14,5,Melissa Gilbert,percent,0.499549356223176,0.25,0.0,1.0,0,0.5
14,6,Melissa Gilbert,percent,0.4998648068669528,0.25,0.0,1.0,0,0.5
14,7,Melissa Gilbert,percent,0.5037741559565436,0.24727520435967304,0.010899182561307896,1.0,0,0.5054495912806539
14,8,Melissa Gilbert,percent,0.22455732323956246,0.05244648318042815,0.0,0.2097859327217126,1,0.1048929663608563
14,2,Roshon Fegan,percent,0.5,0.25,0.0,1.0,0,0.5
14,3,Roshon Fegan,percent,0.5,0.25,0.0,1.0,0,0.5
14,4,Roshon Fegan,percent,0.4984978540772532,0.24892703862660945,0.0,0.9957081545064378,0,0.4978540772532189
14,5,Roshon Fegan,percent,0.499549356223176,0.25,0.0,1.0,0,0.5
14,6,Roshon Fegan,percent,0.4998648068669528,0.25,0.0,1.0,0,0.5
14,7,Roshon Fegan,percent,0.49614472816362803,0.24727520435967304,0.0,0.9891008174386922,0,0.4945504087193461
14,8,Roshon Fegan,percent,0.21798714933593855,0.04938837920489297,0.0,0.19755351681957187,1,0.09877675840978593
14,2,Sherri Sheperd,percent,0.5,0.25,0.0,1.0,0,0.5
14,3,Sherri Sheperd,percent,0.5,0.25,-0.0,1.0,0,0.5
14,4,Sherri Sheperd,percent,0.18845493562231758,0.027467811158798285,0.0,0.10987124463519314,1,0.05493562231759657
14,2,William Levy,percent,0.5,0.25,0.0,1.0,0,0.5
14,3,William Levy,percent,0.5,0.25,0.0,1.0,0,0.5
14,4,William Levy,percent,0.4984978540772532,0.24892703862660945,0.0,0.9957081545064378,0,0.4978540772532189
14,5,William Levy,percent,0.499549356223176,0.25,0.0,1.0,0,0.5
14,6,William Levy,percent,0.4998648068669528,0.25,0.0,1.0,0,0.5
14,7,William Levy,percent,0.49614472816362803,0.24727520435967304,0.0,0.9891008174386922,0,0.4945504087193461
14,8,William Levy,percent,0.4934917364919018,0.24617737003058104,0.0,0.9847094801223242,0,0.4923547400611621
14,9,William Levy,percent,0.49196056442583136,0.2434782608695652,0.004347826086956552,0.9782608695652173,0,0.4913043478260869
15,1,Apolo Anton Ohno,percent,0.5,0.25,0.0,1.0,0,0.5
15,2,Apolo Anton Ohno,percent,0.4917572463768116,0.2441123188405797,0.0,0.9764492753623188,0,0.4882246376811594
15,3,Apolo Anton Ohno,percent,0.49123220988426647,0.24550359712230216,0.0,0.9820143884892086,0,0.4910071942446043
15,4,Apolo Anton Ohno,percent,0.4951923690305987,0.2484447900466563,0.0,0.9937791601866252,0,0.4968895800933126
15,6,Apolo Anton Ohno,percent,0.476876294779976,0.23451327433628316,0.0,0.9380530973451326,0,0.4690265486725663
15,8,Apolo Anton Ohno,percent,0.4884768942369589,0.24672428985926154,0.0,0.9868971594370461,0,0.4934485797185231
15,9,Apolo Anton Ohno,percent,0.23376734959934578,0.062303058091612955,0.0,0.24921223236645182,1,0.12460611618322591
15,1,Bristol Palin,percent,0.5,0.25,0.0,1.0,0,0.5
15,2,Bristol Palin,percent,0.5031702898550724,0.2441123188405797,0.01630434782608696,0.9927536231884058,0,0.5045289855072463
15,3,Bristol Palin,percent,0.502210079762277,0.24550359712230216,0.010791366906474822,0.9928057553956835,0,0.5017985611510791
15,4,Bristol Palin,percent,0.19360409875156198,0.030672196302056337,0.0,0.12268878520822535,1,0.061344392604112674
15,1,Drew Lachey,percent,0.5,0.25,0.0,1.0,0,0.5
15,2,Drew Lachey,percent,0.4917572463768116,0.2441123188405797,0.0,0.9764492753623188,0,0.4882246376811594
15,3,Drew Lachey,percent,0.18410091492023772,0.026124100719424455,0.0,0.10449640287769782,1,0.05224820143884891
15,1,Emmitt Smith,percent,0.5,0.25,0.0,1.0,0,0.5
15,2,Emmitt Smith,percent,0.4917572463768116,0.2441123188405797,0.0,0.9764492753623188,0,0.4882246376811594
15,3,Emmitt Smith,percent,0.4924912026900219,0.24550359712230216,0.0017985611510791394,0.9838129496402878,0,0.49280575539568344
15,4,Emmitt Smith,percent,0.49557006687232535,0.2484447900466563,0.0,0.9937791601866252,0,0.4968895800933126
15,6,Emmitt Smith,percent,0.4878303120970957,0.23451327433628316,0.015486725663716824,0.9535398230088494,0,0.4845132743362831
15,8,Emmitt Smith,percent,0.4925439707200582,0.24672428985926154,0.0011155304113762976,0.9880126898484224,0,0.4945641101298993
15,9,Emmitt Smith,percent,0.23798668105322987,0.06444534988372316,0.0,0.25778139953489265,1,0.12889069976744633
15,1,Gilles Marini,percent,0.5,0.25,0.0,1.0,0,0.5
15,2,Gilles Marini,percent,0.4917572463768116,0.2441123188405797,0.0,0.9764492753623188,0,0.4882246376811594
15,3,Gilles Marini,percent,0.49123220988426647,0.24550359712230216,-0.0,0.9820143884892086,0,0.4910071942446043
15,4,Gilles Marini,percent,0.4951923690305987,0.2484447900466563,0.0,0.9937791601866252,0,0.4968895800933126
15,6,Gilles Marini,percent,0.48461965761183445,0.23451327433628316,0.011061946902654884,0.9491150442477876,0,0.48008849557522126
15,8,Gilles Marini,percent,0.20316633299778586,0.04127173979588252,0.0,0.16508695918353009,1,0.08254347959176504
15,1,Helio Castroneves,percent,0.5,0.25,0.0,1.0,0,0.5
15,2,Helio Castroneves,percent,0.4917572463768116,0.2441123188405797,0.0,0.9764492753623188,0,0.4882246376811594
15,3,Helio Castroneves,percent,0.18240127463246794,0.024910071942446044,0.0,0.09964028776978417,1,0.04982014388489209
15,1,Joey Fatone,percent,0.5,0.25,0.0,1.0,0,0.5
15,2,Joey Fatone,percent,0.17980072463768115,0.02128623188405798,0.0,0.08514492753623192,1,0.04257246376811596
15,1,Kelly Monaco,percent,0.5,0.25,0.0,1.0,0,0.5
15,2,Kelly Monaco,percent,0.49302536231884053,0.2441123188405797,0.0018115942028985588,0.9782608695652174,0,0.490036231884058
15,3,Kelly Monaco,percent,0.49161264466687515,0.24550359712230216,0.0,0.9820143884892086,0,0.4910071942446043
15,4,Kelly Monaco,percent,0.4953064994653813,0.2484447900466563,0.0,0.9937791601866252,0,0.4968895800933126
15,6,Kelly Monaco,percent,0.48620256930864086,0.23451327433628313,0.013274336283185847,0.9513274336283184,0,0.48230088495575213
15,8,Kelly Monaco,percent,0.4945921623101451,0.2467242898592615,0.004739122449409688,0.9916362818864557,0,0.4981877021679327
15,9,Kelly Monaco,percent,0.5021010608705162,0.24734041987323377,0.010638320507064897,1.0,0,0.5053191602535324
15,1,Kirstie Alley,percent,0.5,0.25,0.0,1.0,0,0.5
15,2,Kirstie Alley,percent,0.4955615942028986,0.2441123188405797,0.0054347826086956486,0.9818840579710145,0,0.4936594202898551
15,3,Kirstie Alley,percent,0.49615049264935873,0.24550359712230216,0.005395683453237404,0.987410071942446,0,0.4964028776978417
15,4,Kirstie Alley,percent,0.5010224417294887,0.2484447900466563,0.006220839813374804,1.0,0,0.5031104199066874
15,6,Kirstie Alley,percent,0.4863686794215014,0.23451327433628316,0.011061946902654884,0.9491150442477875,0,0.48008849557522115
15,8,Kirstie Alley,percent,0.20922016209380367,0.045221113048109475,0.0,0.1808844521924379,1,0.09044222609621895
15,1,Melissa Rycroft,percent,0.5,0.25,0.0,1.0,0,0.5
15,2,Melissa Rycroft,percent,0.4917572463768116,0.2441123188405797,0.0,0.9764492753623188,0,0.4882246376811594
15,3,Melissa Rycroft,percent,0.49123220988426647,0.24550359712230216,0.0,0.9820143884892086,0,0.4910071942446043
15,4,Melissa Rycroft,percent,0.4951923690305987,0.2484447900466563,0.0,0.9937791601866252,0,0.4968895800933126
15,6,Melissa Rycroft,percent,0.47842496734634765,0.23451327433628316,0.002212389380530977,0.9402654867256636,0,0.47123893805309724
15,8,Melissa Rycroft,percent,0.4889414960068704,0.24672428985926154,0.0,0.9868971594370461,0,0.4934485797185231
15,9,Melissa Rycroft,percent,0.4929590366245884,0.24734041987323377,0.0,0.9893616794929351,0,0.49468083974646754
15,1,Pamela Anderson,percent,0.04618166643483098,0.02309083321741549,0.0,0.09236333286966196,1,0.04618166643483098
15,1,Sabrina Bryan,percent,0.5,0.25,0.0,1.0,0,0.5
15,2,Sabrina Bryan,percent,0.4917572463768116,0.2441123188405797,0.0,0.9764492753623188,0,0.4882246376811594
15,3,Sabrina Bryan,percent,0.49123220988426647,0.24550359712230216,0.0,0.9820143884892086,0,0.4910071942446043
15,4,Sabrina Bryan,percent,0.4951923690305987,0.2484447900466563,0.0,0.9937791601866252,0,0.4968895800933126
15,6,Sabrina Bryan,percent,0.18959753371802918,0.029314159292035395,0.0,0.11725663716814158,1,0.05862831858407079
15,1,Shawn Johnson,percent,0.5,0.25,0.0,1.0,0,0.5
15,2,Shawn Johnson,percent,0.4917572463768116,0.2441123188405797,0.0,0.9764492753623188,0,0.4882246376811594
15,3,Shawn Johnson,percent,0.49123220988426647,0.24550359712230216,0.0,0.9820143884892086,0,0.4910071942446043
15,4,Shawn Johnson,percent,0.4951923690305987,0.2484447900466563,0.0,0.9937791601866252,0,0.4968895800933126
15,6,Shawn Johnson,percent,0.48307098504546275,0.23451327433628316,0.008849557522123908,0.9469026548672566,0,0.47787610619469023
15,8,Shawn Johnson,percent,0.49540903270812253,0.24672428985926154,0.007248187702167924,0.9941453471392141,0,0.500696767420691
15,9,Shawn Johnson,percent,0.494899297634964,0.24734041987323377,0.0,0.9893616794929351,0,0.49468083974646754
16,3,Alexandra Raisman,percent,0.5,0.25,0.0,1.0,0,0.5
16,4,Alexandra Raisman,percent,0.5,0.25,0.0,1.0,0,0.5
16,5,Alexandra Raisman,percent,0.5,0.25,0.0,1.0,0,0.5
16,6,Alexandra Raisman,percent,0.5,0.25,0.0,1.0,0,0.5
16,7,Alexandra Raisman,percent,0.5,0.25,0.0,1.0,0,0.5
16,8,Alexandra Raisman,percent,0.5,0.25,0.0,1.0,0,0.5
16,9,Alexandra Raisman,percent,0.5,0.25,0.0,1.0,0,0.5
16,10,Alexandra Raisman,percent,0.23824778910067443,0.06303413507191032,0.0,0.25213654028764126,1,0.12606827014382063
16,3,Andy Dick,percent,0.5,0.25,0.0,1.0,0,0.5
16,4,Andy Dick,percent,0.5,0.25,0.0,1.0,0,0.5
16,5,Andy Dick,percent,0.5,0.25,-0.0,1.0,0,0.5
16,6,Andy Dick,percent,0.5,0.25,0.0,1.0,0,0.5
16,7,Andy Dick,percent,0.21766304347826088,0.04833074534161491,0.0,0.19332298136645965,1,0.09666149068322982
16,3,D. L. Hughley,percent,0.5,0.25,0.0,1.0,0,0.5
16,4,D. L. Hughley,percent,0.5,0.25,0.0,1.0,0,0.5
16,5,D. L. Hughley,percent,0.1976342371079213,0.03402445507708665,0.0,0.1360978203083466,1,0.0680489101541733
16,3,Ingo Rademacher,percent,0.5,0.25,0.0,1.0,0,0.5
16,4,Ingo Rademacher,percent,0.5,0.25,0.0,1.0,0,0.5
16,5,Ingo Rademacher,percent,0.5,0.25,0.0,1.0,0,0.5
16,6,Ingo Rademacher,percent,0.5,0.25,0.0,1.0,0,0.5
16,7,Ingo Rademacher,percent,0.5,0.25,0.0,1.0,0,0.5
16,8,Ingo Rademacher,percent,0.5,0.25,0.0,1.0,0,0.5
16,9,Ingo Rademacher,percent,0.22670212765957445,0.05478723404255319,0.0,0.21914893617021275,1,0.10957446808510637
16,3,Jacoby Jones,percent,0.5,0.25,0.0,1.0,0,0.5
16,4,Jacoby Jones,percent,0.5,0.25,0.0,1.0,0,0.5
16,5,Jacoby Jones,percent,0.5,0.25,0.0,1.0,0,0.5
16,6,Jacoby Jones,percent,0.5,0.25,0.0,1.0,0,0.5
16,7,Jacoby Jones,percent,0.5,0.25,0.0,1.0,0,0.5
16,8,Jacoby Jones,percent,0.5,0.25,0.0,1.0,0,0.5
16,9,Jacoby Jones,percent,0.5,0.25,0.0,1.0,0,0.5
16,10,Jacoby Jones,percent,0.5029917546938074,0.24786303236156612,0.008547870553735515,1.0,0,0.5042739352768677
16,3,Kellie Pickler,percent,0.5,0.25,0.0,1.0,0,0.5
16,4,Kellie Pickler,percent,0.5,0.25,0.0,1.0,0,0.5
16,5,Kellie Pickler,percent,0.5,0.25,0.0,1.0,0,0.5
16,6,Kellie Pickler,percent,0.5,0.25,0.0,1.0,0,0.5
16,7,Kellie Pickler,percent,0.5,0.25,0.0,1.0,0,0.5
16,8,Kellie Pickler,percent,0.5,0.25,0.0,1.0,0,0.5
16,9,Kellie Pickler,percent,0.5,0.25,0.0,1.0,0,0.5
16,10,Kellie Pickler,percent,0.4970082453061926,0.24786303236156612,0.0,0.9914521294462645,0,0.49572606472313224
16,3,Lisa Vanderpump,percent,0.5,0.25,0.0,1.0,0,0.5
16,4,Lisa Vanderpump,percent,0.191875,0.02991071428571429,0.0,0.11964285714285716,1,0.05982142857142858
16,3,Sean Lowe,percent,0.5,0.25,0.0,1.0,0,0.5
16,4,Sean Lowe,percent,0.5,0.25,0.0,1.0,0,0.5
16,5,Sean Lowe,percent,0.5,0.25,0.0,1.0,0,0.5
16,6,Sean Lowe,percent,0.5,0.25,0.0,1.0,0,0.5
16,7,Sean Lowe,percent,0.5,0.25,0.0,1.0,0,0.5
16,8,Sean Lowe,percent,0.21939978563772775,0.04957127545551982,0.0,0.19828510182207928,1,0.09914255091103964
16,3,Victor Ortiz,percent,0.5,0.25,0.0,1.0,0,0.5
16,4,Victor Ortiz,percent,0.5,0.25,-0.0,1.0,0,0.5
16,5,Victor Ortiz,percent,0.5,0.25,0.0,1.0,0,0.5
16,6,Victor Ortiz,percent,0.20036472148541112,0.035974801061007956,0.0,0.14389920424403183,1,0.07194960212201591
16,3,Wynonna Judd,percent,0.058994142968753986,0.029497071484376993,0.0,0.11798828593750797,1,0.058994142968753986
16,3,Zendaya,percent,0.5,0.25,0.0,1.0,0,0.5
16,4,Zendaya,percent,0.5,0.25,0.0,1.0,0,0.5
16,5,Zendaya,percent,0.5,0.25,0.0,1.0,0,0.5
16,6,Zendaya,percent,0.5,0.25,0.0,1.0,0,0.5
16,7,Zendaya,percent,0.5,0.25,0.0,1.0,0,0.5
16,8,Zendaya,percent,0.5,0.25,0.0,1.0,0,0.5
16,9,Zendaya,percent,0.5,0.25,0.0,1.0,0,0.5
16,10,Zendaya,percent,0.4970082453061926,0.24786303236156612,0.0,0.9914521294462645,0,0.49572606472313224
17,2,Amber Riley,percent,0.4981203007518797,0.24906015037593984,0.0,0.9962406015037594,0,0.4981203007518797
17,3,Amber Riley,percent,0.4994360902255639,0.25,0.0,1.0,0,0.5
17,4,Amber Riley,percent,0.4998308270676691,0.25,0.0,1.0,0,0.5
17,5,Amber Riley,percent,0.4805875459926411,0.23191489361702125,0.008510638297872353,0.9361702127659574,0,0.47234042553191485
17,7,Amber Riley,percent,0.4902259251973409,0.2471783295711061,0.0,0.9887133182844244,0,0.4943566591422122
17,8,Amber Riley,percent,0.4879531942258689,0.24348958333333334,0.0,0.9739583333333334,0,0.4869791666666667
17,9,Amber Riley,percent,0.4819415138233162,0.23174603174603176,0.015873015873015872,0.9428571428571428,0,0.4793650793650793
17,10,Amber Riley,percent,0.48958245414699486,0.24642857142857144,0.0,0.9857142857142858,0,0.4928571428571429
17,11,Amber Riley,percent,0.4968747362440984,0.25,0.0,1.0,0,0.5
17,2,Bill Engvall,percent,0.4981203007518797,0.24906015037593984,0.0,0.9962406015037594,0,0.4981203007518797
17,3,Bill Engvall,percent,0.4994360902255639,0.25,0.0,1.0,0,0.5
17,4,Bill Engvall,percent,0.4998308270676691,0.25,0.0,1.0,0,0.5
17,5,Bill Engvall,percent,0.4865449928011517,0.23191489361702125,0.01702127659574469,0.9446808510638297,0,0.4808510638297872
17,7,Bill Engvall,percent,0.4983337010006164,0.2471783295711061,0.009029345372460501,0.9977426636568849,0,0.5033860045146727
17,8,Bill Engvall,percent,0.5013230269668516,0.24348958333333334,0.015625,0.9895833333333334,0,0.5026041666666667
17,9,Bill Engvall,percent,0.5059524636456111,0.23174603174603176,0.04444444444444445,0.9714285714285715,0,0.507936507936508
17,10,Bill Engvall,percent,0.5067857390936833,0.24642857142857144,0.01428571428571429,1.0,0,0.5071428571428571
17,11,Bill Engvall,percent,0.24908802069211702,0.06932307068858004,0.0,0.27729228275432016,1,0.13864614137716008
17,2,Bill Nye,percent,0.5018796992481203,0.24906015037593984,0.0037593984962406013,1.0,0,0.5018796992481203
17,3,Bill Nye,percent,0.19223948909707422,0.029768270944741538,0.0,0.11907308377896615,1,0.059536541889483076
17,2,Brant Daugherty,percent,0.4981203007518797,0.24906015037593984,0.0,0.9962406015037594,0,0.4981203007518797
17,3,Brant Daugherty,percent,0.4994360902255639,0.25,0.0,1.0,0,0.5
17,4,Brant Daugherty,percent,0.4998308270676691,0.25,0.0,1.0,0,0.5
17,5,Brant Daugherty,percent,0.4776088225883858,0.23191489361702125,0.004255319148936176,0.9319148936170212,0,0.4680851063829787
17,7,Brant Daugherty,percent,0.4893323081760642,0.2471783295711061,0.0,0.9887133182844244,0,0.4943566591422122
17,8,Brant Daugherty,percent,0.19758094245281926,0.036272321428571425,0.0,0.1450892857142857,1,0.07254464285714285
17,2,Christina Milian,percent,0.4981203007518797,0.24906015037593984,0.0,0.9962406015037594,0,0.4981203007518797
17,3,Christina Milian,percent,0.4994360902255639,0.25,0.0,1.0,0,0.5
17,4,Christina Milian,percent,0.4998308270676691,0.25,0.0,1.0,0,0.5
17,5,Christina Milian,percent,0.18602489823850402,0.02576832151300236,0.0,0.10307328605200944,1,0.05153664302600472
17,2,Corbin Bleu,percent,0.4981203007518797,0.24906015037593984,0.0,0.9962406015037594,0,0.4981203007518797
17,3,Corbin Bleu,percent,0.4994360902255639,0.25,0.0,1.0,0,0.5
17,4,Corbin Bleu,percent,0.4998308270676691,0.25,0.0,1.0,0,0.5
17,5,Corbin Bleu,percent,0.47463009918413046,0.23191489361702125,0.0,0.927659574468085,0,0.4638297872340425
17,7,Corbin Bleu,percent,0.48843869115478766,0.2471783295711061,0.0,0.9887133182844244,0,0.4943566591422122
17,8,Corbin Bleu,percent,0.48741702401310294,0.24348958333333334,0.0,0.9739583333333334,0,0.4869791666666667
17,9,Corbin Bleu,percent,0.4706695516483753,0.23174603174603176,0.0,0.926984126984127,0,0.4634920634920635
17,10,Corbin Bleu,percent,0.4862008654945126,0.24642857142857144,0.0,0.9857142857142858,0,0.4928571428571429
17,11,Corbin Bleu,percent,0.4958602596483538,0.25,0.0,1.0,0,0.5
17,2,Elizabeth Berkley Lauren,percent,0.4981203007518797,0.24906015037593984,0.0,0.9962406015037594,0,0.4981203007518797
17,3,Elizabeth Berkley Lauren,percent,0.4994360902255639,0.25,0.0,1.0,0,0.5
17,4,Elizabeth Berkley Lauren,percent,0.4998308270676691,0.25,0.0,1.0,0,0.5
17,5,Elizabeth Berkley Lauren,percent,0.4805875459926411,0.23191489361702125,0.008510638297872353,0.9361702127659574,0,0.47234042553191485
17,7,Elizabeth Berkley Lauren,percent,0.4902259251973409,0.2471783295711061,-0.0,0.9887133182844244,0,0.4943566591422122
17,8,Elizabeth Berkley Lauren,percent,0.49524486089253555,0.24348958333333334,0.010416666666666657,0.984375,0,0.4973958333333333
17,9,Elizabeth Berkley Lauren,percent,0.2030179027122051,0.03888888888888889,0.0,0.15555555555555556,1,0.07777777777777778
17,2,Jack Osbourne,percent,0.4981203007518797,0.24906015037593984,0.0,0.9962406015037594,0,0.4981203007518797
17,3,Jack Osbourne,percent,0.4994360902255639,0.25,0.0,1.0,0,0.5
17,4,Jack Osbourne,percent,0.4998308270676691,0.25,0.0,1.0,0,0.5
17,5,Jack Osbourne,percent,0.4776088225883858,0.23191489361702125,0.004255319148936176,0.9319148936170212,0,0.4680851063829787
17,7,Jack Osbourne,percent,0.4893323081760642,0.2471783295711061,0.0,0.9887133182844244,0,0.4943566591422122
17,8,Jack Osbourne,percent,0.4876851091194859,0.24348958333333334,0.0,0.9739583333333334,0,0.4869791666666667
17,9,Jack Osbourne,percent,0.4751944216247346,0.23174603174603176,0.006349206349206354,0.9333333333333333,0,0.46984126984126984
17,10,Jack Osbourne,percent,0.48755832648742037,0.24642857142857144,0.0,0.9857142857142858,0,0.4928571428571429
17,11,Jack Osbourne,percent,0.49626749794622604,0.25,0.0,1.0,0,0.5
17,2,Keyshawn Johnson,percent,0.049498746867167924,0.024749373433583962,0.0,0.09899749373433585,1,0.049498746867167924
17,2,Leah Remini,percent,0.4981203007518797,0.24906015037593984,0.0,0.9962406015037594,0,0.4981203007518797
17,3,Leah Remini,percent,0.4994360902255639,0.25,0.0,1.0,0,0.5
17,4,Leah Remini,percent,0.4998308270676691,0.25,0.0,1.0,0,0.5
17,5,Leah Remini,percent,0.49250243960966245,0.23191489361702125,0.02553191489361703,0.9531914893617021,0,0.48936170212765956
17,7,Leah Remini,percent,0.49538052872262783,0.2471783295711061,0.002257336343115132,0.9909706546275395,0,0.4966139954853273
17,8,Leah Remini,percent,0.489499575283455,0.24348958333333334,0.0,0.9739583333333334,0,0.4869791666666667
17,9,Leah Remini,percent,0.47573876147392535,0.23174603174603176,0.006349206349206354,0.9333333333333333,0,0.46984126984126984
17,10,Leah Remini,percent,0.21772162844217757,0.053571428571428575,0.0,0.2142857142857143,1,0.10714285714285715
17,2,"Nicole ""Snooki"" Polizzi",percent,0.4981203007518797,0.24906015037593984,0.0,0.9962406015037594,0,0.4981203007518797
17,3,"Nicole ""Snooki"" Polizzi",percent,0.4994360902255639,0.25,0.0,1.0,0,0.5
17,4,"Nicole ""Snooki"" Polizzi",percent,0.4998308270676691,0.25,0.0,1.0,0,0.5
17,5,"Nicole ""Snooki"" Polizzi",percent,0.4776088225883858,0.23191489361702125,0.004255319148936176,0.9319148936170212,0,0.4680851063829787
17,7,"Nicole ""Snooki"" Polizzi",percent,0.1881189898916399,0.03202595936794582,0.0,0.12810383747178328,1,0.06405191873589164
17,2,Valerie Harper,percent,0.4981203007518797,0.24906015037593984,0.0,0.9962406015037594,0,0.4981203007518797
17,3,Valerie Harper,percent,0.4994360902255639,0.25,-0.0,1.0,0,0.5
17,4,Valerie Harper,percent,0.1932485485866565,0.031012658227848093,0.0,0.12405063291139237,1,0.062025316455696186
18,2,Amy Purdy,percent,0.48770491803278687,0.24385245901639344,0.0,0.9754098360655737,0,0.48770491803278687
18,5,Amy Purdy,percent,0.48978973627940126,0.2453416149068323,0.0,0.9813664596273292,0,0.4906832298136646
18,6,Amy Purdy,percent,0.49693692088382035,0.25,0.0,1.0,0,0.5
18,7,Amy Purdy,percent,0.4990810762651461,0.25,0.0,1.0,0,0.5
18,8,Amy Purdy,percent,0.49043228748131373,0.24336283185840707,0.0,0.9734513274336283,0,0.48672566371681414
18,9,Amy Purdy,percent,0.4934647647784255,0.24738219895287958,0.0,0.9895287958115183,0,0.49476439790575916
18,10,Amy Purdy,percent,0.48888182092746135,0.2434588510670955,0.0,0.973835404268382,0,0.486917702134191
18,2,Billy Dee Williams,percent,0.5122950819672131,0.24385245901639344,0.02459016393442623,1.0,0,0.5122950819672131
18,2,Candace Cameron Bure,percent,0.48770491803278687,0.24385245901639344,0.0,0.9754098360655737,0,0.48770491803278687
18,5,Candace Cameron Bure,percent,0.48978973627940126,0.2453416149068323,0.0,0.9813664596273292,0,0.4906832298136646
18,6,Candace Cameron Bure,percent,0.49693692088382035,0.25,-0.0,1.0,0,0.5
18,7,Candace Cameron Bure,percent,0.4990810762651461,0.25,0.0,1.0,0,0.5
18,8,Candace Cameron Bure,percent,0.4966269777468004,0.24336283185840707,0.008849557522123908,0.9823008849557522,0,0.49557522123893805
18,9,Candace Cameron Bure,percent,0.5026530147900086,0.24738219895287958,0.010471204188481659,1.0,0,0.5052356020942408
18,10,Candace Cameron Bure,percent,0.5099535129430688,0.2434588510670955,0.026164595731618,1.0,0,0.513082297865809
18,2,Charlie White,percent,0.48770491803278687,0.24385245901639344,0.0,0.9754098360655737,0,0.48770491803278687
18,5,Charlie White,percent,0.48978973627940126,0.2453416149068323,0.0,0.9813664596273292,0,0.4906832298136646
18,6,Charlie White,percent,0.49693692088382035,0.25,0.0,1.0,0,0.5
18,7,Charlie White,percent,0.4990810762651461,0.25,0.0,1.0,0,0.5
18,8,Charlie White,percent,0.49043228748131373,0.24336283185840707,0.0,0.9734513274336283,0,0.48672566371681414
18,9,Charlie White,percent,0.21749617839099097,0.05026178010471204,0.0,0.20104712041884815,1,0.10052356020942407
18,2,Cody Simpson,percent,0.48770491803278687,0.24385245901639344,0.0,0.9754098360655737,0,0.48770491803278687
18,5,Cody Simpson,percent,0.18713273144848339,0.02915804002760524,0.0,0.11663216011042096,1,0.05831608005521048
18,2,Danica McKellar,percent,0.48770491803278687,0.24385245901639344,0.0,0.9754098360655737,0,0.48770491803278687
18,5,Danica McKellar,percent,0.48978973627940126,0.2453416149068323,0.0,0.9813664596273292,0,0.4906832298136646
18,6,Danica McKellar,percent,0.49693692088382035,0.25,0.0,1.0,0,0.5
18,7,Danica McKellar,percent,0.4990810762651461,0.25,0.0,1.0,0,0.5
18,8,Danica McKellar,percent,0.2075414320240866,0.04129793510324484,0.0,0.16519174041297935,1,0.08259587020648967
18,2,Diana Nyad,percent,0.08699701937406856,0.04349850968703428,0.0,0.17399403874813713,1,0.08699701937406856
18,2,Drew Carey,percent,0.48770491803278687,0.24385245901639344,-0.0,0.9754098360655737,0,0.48770491803278687
18,5,Drew Carey,percent,0.5028332145402707,0.2453416149068323,0.018633540372670815,1.0,0,0.5093167701863354
18,6,Drew Carey,percent,0.19863365230534363,0.034131205673758866,0.0,0.13652482269503546,1,0.06826241134751773
18,2,James Maslow,percent,0.48770491803278687,0.24385245901639344,0.0,0.9754098360655737,0,0.48770491803278687
18,5,James Maslow,percent,0.48978973627940126,0.2453416149068323,0.0,0.9813664596273292,0,0.4906832298136646
18,6,James Maslow,percent,0.49693692088382035,0.25,0.0,1.0,0,0.5
18,7,James Maslow,percent,0.4990810762651461,0.25,0.0,1.0,0,0.5
18,8,James Maslow,percent,0.4966269777468004,0.24336283185840707,0.008849557522123908,0.9823008849557522,0,0.49557522123893805
18,9,James Maslow,percent,0.4953231718580715,0.24738219895287958,-0.0,0.9895287958115183,0,0.49476439790575916
18,10,James Maslow,percent,0.23507930384196163,0.06177310877467157,0.0,0.24709243509868628,1,0.12354621754934314
18,2,Meryl Davis,percent,0.48770491803278687,0.24385245901639344,0.0,0.9754098360655737,0,0.48770491803278687
18,5,Meryl Davis,percent,0.48978973627940126,0.2453416149068323,0.0,0.9813664596273292,0,0.4906832298136646
18,6,Meryl Davis,percent,0.49693692088382035,0.25,0.0,1.0,0,0.5
18,7,Meryl Davis,percent,0.4990810762651461,0.25,0.0,1.0,0,0.5
18,8,Meryl Davis,percent,0.4966269777468004,0.24336283185840707,0.008849557522123908,0.9823008849557522,0,0.49557522123893805
18,9,Meryl Davis,percent,0.4953231718580715,0.24738219895287958,0.0,0.9895287958115183,0,0.49476439790575916
18,10,Meryl Davis,percent,0.48943934305135517,0.2434588510670955,0.0,0.973835404268382,0,0.486917702134191
18,2,NeNe Leakes,percent,0.48770491803278687,0.24385245901639344,0.0,0.9754098360655737,0,0.48770491803278687
18,5,NeNe Leakes,percent,0.48978973627940126,0.2453416149068323,0.0,0.9813664596273292,0,0.4906832298136646
18,6,NeNe Leakes,percent,0.49693692088382035,0.25,0.0,1.0,0,0.5
18,7,NeNe Leakes,percent,0.20342890235210262,0.038819875776397506,0.0,0.15527950310559002,1,0.07763975155279501
18,2,Sean Avery,percent,0.04787630402384502,0.02393815201192251,0.0,0.09575260804769004,1,0.04787630402384502
19,1,Alfonso Ribeiro,percent,0.49731182795698925,0.24865591397849462,0.0,0.9946236559139785,0,0.49731182795698925
19,2,Alfonso Ribeiro,percent,0.49532614507217965,0.2472375690607735,0.0,0.988950276243094,0,0.494475138121547
19,3,Alfonso Ribeiro,percent,0.49859784352165387,0.25,0.0,1.0,0,0.5
19,4,Alfonso Ribeiro,percent,0.48864185305649616,0.2421875,0.0,0.96875,0,0.484375
19,6,Alfonso Ribeiro,percent,0.4846471634254813,0.24146757679180889,0.0,0.9658703071672355,0,0.48293515358361777
19,7,Alfonso Ribeiro,percent,0.4933632012520157,0.24854932301740812,0.0,0.9941972920696325,0,0.49709864603481624
19,8,Alfonso Ribeiro,percent,0.4980089603756047,0.25,0.0,1.0,0,0.5
19,9,Alfonso Ribeiro,percent,0.48877184699118603,0.24240654205607476,0.0,0.969626168224299,0,0.4848130841121495
19,10,Alfonso Ribeiro,percent,0.4966315540973558,0.25,0.0,1.0,0,0.5
19,11,Alfonso Ribeiro,percent,0.4989894662292067,0.25,0.0,1.0,0,0.5
19,1,Antonio Sabato Jr.,percent,0.49731182795698925,0.24865591397849462,0.0,0.9946236559139785,0,0.49731182795698925
19,2,Antonio Sabato Jr.,percent,0.49532614507217965,0.2472375690607735,0.0,0.988950276243094,0,0.494475138121547
19,3,Antonio Sabato Jr.,percent,0.49859784352165387,0.25,0.0,1.0,0,0.5
19,4,Antonio Sabato Jr.,percent,0.48864185305649616,0.2421875,0.0,0.96875,0,0.484375
19,6,Antonio Sabato Jr.,percent,0.49420347741865533,0.24146757679180889,0.013651877133105797,0.9795221843003413,0,0.49658703071672355
19,7,Antonio Sabato Jr.,percent,0.19581907030490028,0.03397001934235977,0.0,0.13588007736943908,1,0.06794003868471954
19,1,Bethany Mota,percent,0.49731182795698925,0.24865591397849462,0.0,0.9946236559139785,0,0.49731182795698925
19,2,Bethany Mota,percent,0.49532614507217965,0.2472375690607735,0.0,0.988950276243094,0,0.494475138121547
19,3,Bethany Mota,percent,0.49859784352165387,0.25,0.0,1.0,0,0.5
19,4,Bethany Mota,percent,0.48864185305649616,0.2421875,0.0,0.96875,0,0.484375
19,6,Bethany Mota,percent,0.4846471634254813,0.24146757679180889,0.0,0.9658703071672355,0,0.48293515358361777
19,7,Bethany Mota,percent,0.4933632012520157,0.24854932301740812,0.0,0.9941972920696325,0,0.49709864603481624
19,8,Bethany Mota,percent,0.4980089603756047,0.25,0.0,1.0,0,0.5
19,9,Bethany Mota,percent,0.48877184699118603,0.24240654205607476,0.0,0.969626168224299,0,0.4848130841121495
19,10,Bethany Mota,percent,0.4966315540973558,0.25,0.0,1.0,0,0.5
19,11,Bethany Mota,percent,0.23891465796735545,0.06423227981296335,0.0,0.2569291192518534,1,0.1284645596259267
19,1,Betsey Johnson,percent,0.5026881720430108,0.24865591397849462,0.0053763440860215075,1.0,0,0.5026881720430108
19,2,Betsey Johnson,percent,0.4969390482979861,0.2472375690607735,0.0,0.988950276243094,0,0.494475138121547
19,3,Betsey Johnson,percent,0.49908171448939576,0.25,0.0,1.0,0,0.5
19,4,Betsey Johnson,percent,0.1880057643468187,0.02734375,0.0,0.109375,1,0.0546875
19,1,Janel Parrish,percent,0.49731182795698925,0.24865591397849462,0.0,0.9946236559139785,0,0.49731182795698925
19,2,Janel Parrish,percent,0.49532614507217965,0.2472375690607735,0.0,0.988950276243094,0,0.494475138121547
19,3,Janel Parrish,percent,0.49859784352165387,0.25,0.0,1.0,0,0.5
19,4,Janel Parrish,percent,0.48864185305649616,0.2421875,0.0,0.96875,0,0.484375
19,6,Janel Parrish,percent,0.4846471634254813,0.24146757679180889,0.0,0.9658703071672355,0,0.48293515358361777
19,7,Janel Parrish,percent,0.4933632012520157,0.24854932301740812,0.0,0.9941972920696325,0,0.49709864603481624
19,8,Janel Parrish,percent,0.4980089603756047,0.25,0.0,1.0,0,0.5
19,9,Janel Parrish,percent,0.48877184699118603,0.24240654205607476,0.0,0.969626168224299,0,0.4848130841121495
19,10,Janel Parrish,percent,0.4966315540973558,0.25,0.0,1.0,0,0.5
19,11,Janel Parrish,percent,0.4989894662292067,0.25,0.0,1.0,0,0.5
19,1,Jonathan Bennett,percent,0.49731182795698925,0.24865591397849462,0.0,0.9946236559139785,0,0.49731182795698925
19,2,Jonathan Bennett,percent,0.49532614507217965,0.2472375690607735,0.0,0.988950276243094,0,0.494475138121547
19,3,Jonathan Bennett,percent,0.49859784352165387,0.25,0.0,1.0,0,0.5
19,4,Jonathan Bennett,percent,0.49957935305649614,0.2421875,0.015625,0.984375,0,0.5
19,6,Jonathan Bennett,percent,0.18942632772203036,0.02825180128934394,0.0,0.11300720515737576,1,0.05650360257868788
19,1,Lea Thompson,percent,0.49731182795698925,0.24865591397849462,0.0,0.9946236559139785,0,0.49731182795698925
19,2,Lea Thompson,percent,0.49532614507217965,0.2472375690607735,0.0,0.988950276243094,0,0.494475138121547
19,3,Lea Thompson,percent,0.49859784352165387,0.25,0.0,1.0,0,0.5
19,4,Lea Thompson,percent,0.48864185305649616,0.2421875,0.0,0.96875,0,0.484375
19,6,Lea Thompson,percent,0.4846471634254813,0.24146757679180889,0.0,0.9658703071672355,0,0.48293515358361777
19,7,Lea Thompson,percent,0.4933632012520157,0.24854932301740812,0.0,0.9941972920696325,0,0.49709864603481624
19,8,Lea Thompson,percent,0.4980089603756047,0.25,0.0,1.0,0,0.5
19,9,Lea Thompson,percent,0.20882636412514244,0.04244548286604361,0.0,0.16978193146417445,1,0.08489096573208722
19,1,Lolo Jones,percent,0.04735318444995864,0.02367659222497932,0.0,0.09470636889991728,1,0.04735318444995864
19,1,Michael Waltrip,percent,0.49731182795698925,0.24865591397849462,0.0,0.9946236559139785,0,0.49731182795698925
19,2,Michael Waltrip,percent,0.5030609517020139,0.2472375690607735,0.011049723756906077,1.0,0,0.505524861878453
19,3,Michael Waltrip,percent,0.5009182855106041,0.25,0.0,1.0,0,0.5
19,4,Michael Waltrip,percent,0.49808798565318124,0.2421875,0.012499999999999997,0.98125,0,0.49687499999999996
19,6,Michael Waltrip,percent,0.49225916020107385,0.24146757679180889,0.006825938566552905,0.9726962457337884,0,0.48976109215017066
19,7,Michael Waltrip,percent,0.4997086958359508,0.24854932301740812,0.0058027079303674955,1.0,0,0.5029013539651838
19,8,Michael Waltrip,percent,0.21463035068626912,0.04622695852534563,0.0,0.1849078341013825,1,0.09245391705069125
19,1,Randy Couture,percent,0.49731182795698925,0.24865591397849462,0.0,0.9946236559139785,0,0.49731182795698925
19,2,Randy Couture,percent,0.49532614507217965,0.2472375690607735,-0.0,0.988950276243094,0,0.494475138121547
19,3,Randy Couture,percent,0.18645517033082207,0.027040947720834416,0.0,0.10816379088333766,1,0.05408189544166883
19,1,Sadie Robertson,percent,0.49731182795698925,0.24865591397849462,0.0,0.9946236559139785,0,0.49731182795698925
19,2,Sadie Robertson,percent,0.49532614507217965,0.2472375690607735,0.0,0.988950276243094,0,0.494475138121547
19,3,Sadie Robertson,percent,0.49859784352165387,0.25,0.0,1.0,0,0.5
19,4,Sadie Robertson,percent,0.48864185305649616,0.2421875,0.0,0.96875,0,0.484375
19,6,Sadie Robertson,percent,0.4846471634254813,0.24146757679180889,0.0,0.9658703071672355,0,0.48293515358361777
19,7,Sadie Robertson,percent,0.4933632012520157,0.24854932301740812,0.0,0.9941972920696325,0,0.49709864603481624
19,8,Sadie Robertson,percent,0.4980089603756047,0.25,0.0,1.0,0,0.5
19,9,Sadie Robertson,percent,0.48877184699118603,0.24240654205607476,0.0,0.969626168224299,0,0.4848130841121495
19,10,Sadie Robertson,percent,0.4966315540973558,0.25,0.0,1.0,0,0.5
19,11,Sadie Robertson,percent,0.4989894662292067,0.25,0.0,1.0,0,0.5
19,1,Tavis Smiley,percent,0.49731182795698925,0.24865591397849462,0.0,0.9946236559139785,0,0.49731182795698925
19,2,Tavis Smiley,percent,0.18045505851601024,0.022329650092081033,0.0,0.08931860036832413,1,0.04465930018416207
19,1,Tommy Chong,percent,0.49731182795698925,0.24865591397849462,0.0,0.9946236559139785,0,0.49731182795698925
19,2,Tommy Chong,percent,0.49532614507217965,0.2472375690607735,0.0,0.988950276243094,0,0.494475138121547
19,3,Tommy Chong,percent,0.49859784352165387,0.25,0.0,1.0,0,0.5
19,4,Tommy Chong,percent,0.49082935305649616,0.2421875,0.0031250000000000028,0.971875,0,0.48750000000000004
19,6,Tommy Chong,percent,0.4948597274186553,0.24146757679180889,0.013651877133105797,0.9795221843003413,0,0.49658703071672355
19,7,Tommy Chong,percent,0.496426970449968,0.24854932301740812,0.0,0.9941972920696325,0,0.49709864603481624
19,8,Tommy Chong,percent,0.49892809113499037,0.25,0.0,1.0,0,0.5
19,9,Tommy Chong,percent,0.5103092684619924,0.24240654205607476,0.030373831775700938,1.0,0,0.5151869158878505
19,10,Tommy Chong,percent,0.23364072574407718,0.05753424657534247,0.0,0.2301369863013699,1,0.11506849315068494
20,2,Charlotte McKinney,percent,0.46974063400576366,0.22766570605187317,0.014409221902017294,0.92507204610951,0,0.46974063400576366
20,3,Charlotte McKinney,percent,0.17995791486045692,0.027882660470519897,0.0,0.11153064188207959,1,0.055765320941039795
20,2,Chris Soules,percent,0.48414985590778087,0.22766570605187317,0.02881844380403458,0.9394812680115272,0,0.48414985590778087
20,3,Chris Soules,percent,0.49524495677233427,0.25,0.0,1.0,0,0.5
20,4,Chris Soules,percent,0.4996504101086233,0.24615384615384614,0.009230769230769237,0.9938461538461538,0,0.5015384615384615
20,5,Chris Soules,percent,0.49494812656615583,0.24469964664310953,0.003533568904593637,0.9823321554770318,0,0.4929328621908127
20,6,Chris Soules,percent,0.4978660634115428,0.2495583038869258,0.0,0.9982332155477032,0,0.4991166077738516
20,7,Chris Soules,percent,0.4924700552439353,0.22933070866141736,0.031496062992125984,0.9488188976377954,0,0.49015748031496065
20,8,Chris Soules,percent,0.22452588654953992,0.05484633569739952,0.0,0.2193853427895981,1,0.10969267139479905
20,2,Michael Sam,percent,0.46397694524495675,0.22766570605187317,0.008645533141210374,0.9193083573487031,0,0.46397694524495675
20,3,Michael Sam,percent,0.489193083573487,0.25,0.0,1.0,0,0.5
20,4,Michael Sam,percent,0.1844502327643538,0.02692307692307692,0.0,0.10769230769230768,1,0.05384615384615384
20,2,Nastia Liukin,percent,0.45533141210374634,0.22766570605187317,0.0,0.9106628242074927,0,0.45533141210374634
20,3,Nastia Liukin,percent,0.48659942363112385,0.25,0.0,1.0,0,0.5
20,4,Nastia Liukin,percent,0.49059521170472176,0.24615384615384614,0.0,0.9846153846153846,0,0.4923076923076923
20,5,Nastia Liukin,percent,0.48975806881176986,0.24469964664310953,0.0,0.9787985865724381,0,0.48939929328621906
20,6,Nastia Liukin,percent,0.4963090460852271,0.2495583038869258,0.0,0.9982332155477032,0,0.4991166077738516
20,7,Nastia Liukin,percent,0.4699557059515524,0.22933070866141736,0.0,0.9173228346456694,0,0.4586614173228347
20,8,Nastia Liukin,percent,0.49015928861761704,0.24940898345153664,0.0,0.9976359338061466,0,0.4988179669030733
20,9,Nastia Liukin,percent,0.23287581206299213,0.06130573248407643,0.0,0.24522292993630573,1,0.12261146496815287
20,2,Noah Galloway,percent,0.46685878962536015,0.22766570605187317,0.011527377521613827,0.9221902017291065,0,0.46685878962536015
20,3,Noah Galloway,percent,0.490057636887608,0.25,0.0,1.0,0,0.5
20,4,Noah Galloway,percent,0.491632675681667,0.24615384615384614,0.0,0.9846153846153846,0,0.4923076923076923
20,5,Noah Galloway,percent,0.4900693080048534,0.24469964664310953,0.0,0.9787985865724381,0,0.48939929328621906
20,6,Noah Galloway,percent,0.4964024178431521,0.2495583038869258,0.0,0.9982332155477032,0,0.4991166077738516
20,7,Noah Galloway,percent,0.4727396229907409,0.22933070866141736,0.003937007874015741,0.9212598425196852,0,0.46259842519685046
20,8,Noah Galloway,percent,0.49264931006507096,0.24940898345153664,0.0023640661938534313,1.0,0,0.5011820330969268
20,9,Noah Galloway,percent,0.5000240923825786,0.24522292993630573,0.01273885350318471,0.9936305732484076,0,0.5031847133757962
20,2,Patti LaBelle,percent,0.46397694524495675,0.22766570605187317,0.008645533141210374,0.9193083573487031,0,0.46397694524495675
20,3,Patti LaBelle,percent,0.489193083573487,0.25,-0.0,1.0,0,0.5
20,4,Patti LaBelle,percent,0.4913733096874307,0.24615384615384614,-0.0,0.9846153846153846,0,0.4923076923076923
20,5,Patti LaBelle,percent,0.4924649964397981,0.24469964664310953,0.003533568904593637,0.9823321554770318,0,0.4929328621908127
20,6,Patti LaBelle,percent,0.1931900289672751,0.03246466431095407,0.0,0.1298586572438163,1,0.06492932862190814
20,2,Redfoo,percent,0.038664745437079734,0.019332372718539867,0.0,0.07732949087415947,1,0.038664745437079734
20,2,Riker Lynch,percent,0.45533141210374634,0.22766570605187317,0.0,0.9106628242074927,0,0.45533141210374634
20,3,Riker Lynch,percent,0.48659942363112385,0.25,0.0,1.0,0,0.5
20,4,Riker Lynch,percent,0.49059521170472176,0.24615384615384614,0.0,0.9846153846153846,0,0.4923076923076923
20,5,Riker Lynch,percent,0.48975806881176986,0.24469964664310953,0.0,0.9787985865724381,0,0.48939929328621906
20,6,Riker Lynch,percent,0.4963090460852271,0.2495583038869258,0.0,0.9982332155477032,0,0.4991166077738516
20,7,Riker Lynch,percent,0.4754675169751744,0.22933070866141736,0.00787401574803151,0.9251968503937009,0,0.4665354330708662
20,8,Riker Lynch,percent,0.4918128319247036,0.24940898345153664,0.0,0.9976359338061466,0,0.4988179669030733
20,9,Riker Lynch,percent,0.4908559514882391,0.24522292993630573,-0.0,0.9808917197452229,0,0.49044585987261147
20,2,Robert Herjavec,percent,0.46397694524495675,0.22766570605187317,0.008645533141210374,0.9193083573487031,0,0.46397694524495675
20,3,Robert Herjavec,percent,0.489193083573487,0.25,0.0,1.0,0,0.5
20,4,Robert Herjavec,percent,0.4913733096874307,0.24615384615384614,0.0,0.9846153846153846,0,0.4923076923076923
20,5,Robert Herjavec,percent,0.49988549113944475,0.24469964664310953,0.014134275618374548,0.9929328621908127,0,0.5035335689045937
20,6,Robert Herjavec,percent,0.5005840219001373,0.2495583038869258,0.0017667844522968185,1.0,0,0.5008833922261484
20,7,Robert Herjavec,percent,0.4932854427905136,0.22933070866141736,0.031496062992125984,0.9488188976377954,0,0.49015748031496065
20,8,Robert Herjavec,percent,0.22609437988207134,0.05579196217494091,0.0,0.22316784869976364,1,0.11158392434988182
20,2,Rumer Willis,percent,0.45533141210374634,0.22766570605187317,0.0,0.9106628242074927,0,0.45533141210374634
20,3,Rumer Willis,percent,0.48659942363112385,0.25,0.0,1.0,0,0.5
20,4,Rumer Willis,percent,0.49059521170472176,0.24615384615384614,0.0,0.9846153846153846,0,0.4923076923076923
20,5,Rumer Willis,percent,0.48975806881176986,0.24469964664310953,0.0,0.9787985865724381,0,0.48939929328621906
20,6,Rumer Willis,percent,0.4963090460852271,0.2495583038869258,0.0,0.9982332155477032,0,0.4991166077738516
20,7,Rumer Willis,percent,0.4754675169751744,0.22933070866141736,0.00787401574803151,0.9251968503937009,0,0.4665354330708662
20,8,Rumer Willis,percent,0.4918128319247036,0.24940898345153664,0.0,0.9976359338061466,0,0.4988179669030733
20,9,Rumer Willis,percent,0.4953145502143537,0.24522292993630573,0.006369426751592355,0.9872611464968153,0,0.4968152866242038
20,2,Suzanne Somers,percent,0.46397694524495675,0.22766570605187317,0.008645533141210374,0.9193083573487031,0,0.46397694524495675
20,3,Suzanne Somers,percent,0.489193083573487,0.25,0.0,1.0,0,0.5
20,4,Suzanne Somers,percent,0.495681001995123,0.24615384615384614,0.0061538461538461625,0.9907692307692307,0,0.49846153846153846
20,5,Suzanne Somers,percent,0.191853103111297,0.030820573223400077,0.0,0.1232822928936003,1,0.06164114644680015
20,2,Willow Shields,percent,0.45533141210374634,0.22766570605187317,0.0,0.9106628242074927,0,0.45533141210374634
20,3,Willow Shields,percent,0.48659942363112385,0.25,0.0,1.0,0,0.5
20,4,Willow Shields,percent,0.49059521170472176,0.24615384615384614,0.0,0.9846153846153846,0,0.4923076923076923
20,5,Willow Shields,percent,0.48975806881176986,0.24469964664310953,0.0,0.9787985865724381,0,0.48939929328621906
20,6,Willow Shields,percent,0.4963090460852271,0.2495583038869258,0.0,0.9982332155477032,0,0.4991166077738516
20,7,Willow Shields,percent,0.19515255634525316,0.033042744656917894,0.0,0.13217097862767158,1,0.06608548931383579
21,2,Alek Skarlatos,percent,0.49630314232902034,0.24815157116451017,0.0,0.9926062846580407,0,0.49630314232902034
21,4,Alek Skarlatos,percent,0.49889094269870604,0.25,0.0,1.0,0,0.5
21,6,Alek Skarlatos,percent,0.4996672828096118,0.25,0.0,1.0,0,0.5
21,7,Alek Skarlatos,percent,0.4983164744356437,0.24547511312217196,0.006787330316742071,0.9886877828054299,0,0.497737556561086
21,8,Alek Skarlatos,percent,0.4994949423306931,0.25,0.0,1.0,0,0.5
21,9,Alek Skarlatos,percent,0.4860186954651653,0.22644376899696048,0.027355623100303955,0.9331306990881458,0,0.4802431610942249
21,11,Alek Skarlatos,percent,0.5017381136670962,0.24576249640889525,0.016950014364418953,1.0,0,0.5084750071822095
21,2,Alexa PenaVega,percent,0.49630314232902034,0.24815157116451017,0.0,0.9926062846580407,0,0.49630314232902034
21,4,Alexa PenaVega,percent,0.49889094269870604,0.25,0.0,1.0,0,0.5
21,6,Alexa PenaVega,percent,0.4996672828096118,0.25,0.0,1.0,0,0.5
21,7,Alexa PenaVega,percent,0.49514905362116407,0.24547511312217196,0.002262443438914019,0.9841628959276019,0,0.49321266968325794
21,8,Alexa PenaVega,percent,0.4985447160863492,0.25,0.0,1.0,0,0.5
21,9,Alexa PenaVega,percent,0.20240029425852887,0.03774062816616008,0.0,0.1509625126646403,1,0.07548125633232015
21,2,Andy Grammer,percent,0.49630314232902034,0.24815157116451017,0.0,0.9926062846580407,0,0.49630314232902034
21,4,Andy Grammer,percent,0.49889094269870604,0.25,0.0,1.0,0,0.5
21,6,Andy Grammer,percent,0.4996672828096118,0.25,0.0,1.0,0,0.5
21,7,Andy Grammer,percent,0.49356534321392426,0.24547511312217196,0.0,0.9819004524886878,0,0.4909502262443439
21,8,Andy Grammer,percent,0.20477086080311904,0.040500898456386984,0.0,0.16200359382554794,1,0.08100179691277397
21,2,Bindi Irwin,percent,0.49630314232902034,0.24815157116451017,0.0,0.9926062846580407,0,0.49630314232902034
21,4,Bindi Irwin,percent,0.49889094269870604,0.25,0.0,1.0,0,0.5
21,6,Bindi Irwin,percent,0.4996672828096118,0.25,0.0,1.0,0,0.5
21,7,Bindi Irwin,percent,0.49356534321392426,0.24547511312217196,0.0,0.9819004524886878,0,0.4909502262443439
21,8,Bindi Irwin,percent,0.49806960296417724,0.25,0.0,1.0,0,0.5
21,9,Bindi Irwin,percent,0.46644215748499784,0.22644376899696048,0.0,0.9057750759878419,0,0.45288753799392095
21,11,Bindi Irwin,percent,0.4840001422179526,0.24576249640889525,0.0,0.983049985635581,0,0.4915249928177905
21,2,Carlos PenaVega,percent,0.49630314232902034,0.24815157116451017,0.0,0.9926062846580407,0,0.49630314232902034
21,4,Carlos PenaVega,percent,0.49889094269870604,0.25,0.0,1.0,0,0.5
21,6,Carlos PenaVega,percent,0.4996672828096118,0.25,0.0,1.0,0,0.5
21,7,Carlos PenaVega,percent,0.49356534321392426,0.24547511312217196,0.0,0.9819004524886878,0,0.4909502262443439
21,8,Carlos PenaVega,percent,0.49806960296417724,0.25,0.0,1.0,0,0.5
21,9,Carlos PenaVega,percent,0.4792081149318064,0.2264437689969605,0.018237082066869303,0.9240121580547113,0,0.47112462006079026
21,11,Carlos PenaVega,percent,0.22977930822265524,0.06144062410222381,0.0,0.24576249640889525,1,0.12288124820444762
21,2,Chaka Khan,percent,0.052757239679605654,0.026378619839802827,0.0,0.10551447935921131,1,0.052757239679605654
21,2,Gary Busey,percent,0.5036968576709797,0.24815157116451017,0.007393715341959338,1.0,0,0.5036968576709797
21,4,Gary Busey,percent,0.19738024374197186,0.03305084745762712,0.0,0.13220338983050847,1,0.06610169491525424
21,2,Hayes Grier,percent,0.49630314232902034,0.24815157116451017,0.0,0.9926062846580407,0,0.49630314232902034
21,4,Hayes Grier,percent,0.49889094269870604,0.25,0.0,1.0,0,0.5
21,6,Hayes Grier,percent,0.4996672828096118,0.25,0.0,1.0,0,0.5
21,7,Hayes Grier,percent,0.1930562934401686,0.03082579185520362,0.0,0.12330316742081449,1,0.06165158371040724
21,2,Kim Zolciak-Biermann,percent,0.49630314232902034,0.24815157116451017,-0.0,0.9926062846580407,0,0.49630314232902034
21,2,Nick Carter,percent,0.49630314232902034,0.24815157116451017,0.0,0.9926062846580407,0,0.49630314232902034
21,4,Nick Carter,percent,0.49889094269870604,0.25,0.0,1.0,0,0.5
21,6,Nick Carter,percent,0.4996672828096118,0.25,0.0,1.0,0,0.5
21,7,Nick Carter,percent,0.4967327640284039,0.24547511312217196,0.004524886877828052,0.9864253393665159,0,0.49547511312217196
21,8,Nick Carter,percent,0.49901982920852117,0.25,0.0,1.0,0,0.5
21,9,Nick Carter,percent,0.4773655232306414,0.22644376899696048,0.015197568389057753,0.9209726443768996,0,0.4680851063829787
21,11,Nick Carter,percent,0.4872771519416457,0.24576249640889525,0.0,0.983049985635581,0,0.4915249928177905
21,2,Paula Deen,percent,0.49630314232902034,0.24815157116451017,0.0,0.9926062846580407,0,0.49630314232902034
21,4,Paula Deen,percent,0.49889094269870604,0.25,0.0,1.0,0,0.5
21,6,Paula Deen,percent,0.20060799988451417,0.036386226482073125,0.0,0.1455449059282925,1,0.07277245296414625
21,2,Tamar Braxton,percent,0.49630314232902034,0.24815157116451017,0.0,0.9926062846580407,0,0.49630314232902034
21,4,Tamar Braxton,percent,0.49889094269870604,0.25,0.0,1.0,0,0.5
21,6,Tamar Braxton,percent,0.4996672828096118,0.25,0.0,1.0,0,0.5
21,7,Tamar Braxton,percent,0.4967327640284039,0.24547511312217196,0.004524886877828052,0.9864253393665159,0,0.49547511312217196
21,8,Tamar Braxton,percent,0.49901982920852117,0.25,0.0,1.0,0,0.5
21,9,Tamar Braxton,percent,0.49013148067744994,0.22644376899696048,0.033434650455927056,0.939209726443769,0,0.48632218844984804
21,2,Victor Espinoza,percent,0.04682686383240911,0.023413431916204555,0.0,0.09365372766481822,1,0.04682686383240911
22,2,Antonio Brown,percent,0.5,0.25,0.0,1.0,0,0.5
22,3,Antonio Brown,percent,0.5,0.25,0.0,1.0,0,0.5
22,4,Antonio Brown,percent,0.49451410658307204,0.24608150470219436,0.0,0.9843260188087775,0,0.49216300940438873
22,6,Antonio Brown,percent,0.49835423197492157,0.25,0.0,1.0,0,0.5
22,7,Antonio Brown,percent,0.4986885125831306,0.24941588785046728,0.0,0.9976635514018691,0,0.49883177570093457
22,8,Antonio Brown,percent,0.4892515241891403,0.2337278106508876,0.017751479289940808,0.9526627218934912,0,0.485207100591716
22,9,Antonio Brown,percent,0.2364096035982055,0.06402439024390244,0.0,0.25609756097560976,1,0.12804878048780488
22,2,Doug Flutie,percent,0.5,0.25,0.0,1.0,0,0.5
22,3,Doug Flutie,percent,0.5,0.25,0.0,1.0,0,0.5
22,4,Doug Flutie,percent,0.5032915360501566,0.24608150470219436,0.012539184952978052,0.9968652037617555,0,0.5047021943573667
22,6,Doug Flutie,percent,0.19638638396727412,0.0324278022515908,0.0,0.1297112090063632,1,0.0648556045031816
22,2,Geraldo Rivera,percent,0.05579096045197738,0.02789548022598869,0.0,0.11158192090395476,1,0.05579096045197738
22,2,Ginger Zee,percent,0.5,0.25,0.0,1.0,0,0.5
22,3,Ginger Zee,percent,0.5,0.25,0.0,1.0,0,0.5
22,4,Ginger Zee,percent,0.49451410658307204,0.24608150470219436,0.0,0.9843260188087775,0,0.49216300940438873
22,6,Ginger Zee,percent,0.49835423197492157,0.25,0.0,1.0,0,0.5
22,7,Ginger Zee,percent,0.4986885125831306,0.24941588785046728,0.0,0.9976635514018691,0,0.49883177570093457
22,8,Ginger Zee,percent,0.4768254886861818,0.2337278106508876,0.0,0.9349112426035504,0,0.4674556213017752
22,9,Ginger Zee,percent,0.49304764660585454,0.24303135888501742,0.013937282229965153,0.9860627177700348,0,0.5
22,2,Jodie Sweetin,percent,0.5,0.25,0.0,1.0,0,0.5
22,3,Jodie Sweetin,percent,0.5,0.25,0.0,1.0,0,0.5
22,4,Jodie Sweetin,percent,0.49670846394984325,0.24608150470219436,0.0031347962382445166,0.987460815047022,0,0.49529780564263326
22,6,Jodie Sweetin,percent,0.4990125391849529,0.25,0.0,1.0,0,0.5
22,7,Jodie Sweetin,percent,0.5005215187648316,0.24941588785046728,0.0023364485981308414,1.0,0,0.5011682242990654
22,8,Jodie Sweetin,percent,0.20469294478132327,0.03895463510848127,0.0,0.15581854043392507,1,0.07790927021696253
22,2,Kim Fields,percent,0.5,0.25,0.0,1.0,0,0.5
22,3,Kim Fields,percent,0.5,0.25,0.0,1.0,0,0.5
22,4,Kim Fields,percent,0.49451410658307204,0.24608150470219436,0.0,0.9843260188087775,0,0.49216300940438873
22,6,Kim Fields,percent,0.49835423197492157,0.25,0.0,1.0,0,0.5
22,7,Kim Fields,percent,0.20090813875135494,0.03671562082777035,0.0,0.1468624833110814,1,0.0734312416555407
22,2,Marla Maples,percent,0.5,0.25,0.0,1.0,0,0.5
22,3,Marla Maples,percent,0.5,0.25,0.0,1.0,0,0.5
22,4,Marla Maples,percent,0.18927899686520377,0.028056426332288404,0.0,0.11222570532915362,1,0.05611285266457681
22,2,Mischa Barton,percent,0.5,0.25,0.0,1.0,0,0.5
22,3,Mischa Barton,percent,0.18705408515535096,0.02646720368239355,0.0,0.1058688147295742,1,0.0529344073647871
22,2,Nyle DiMarco,percent,0.5,0.25,0.0,1.0,0,0.5
22,3,Nyle DiMarco,percent,0.5,0.25,0.0,1.0,0,0.5
22,4,Nyle DiMarco,percent,0.49451410658307204,0.24608150470219436,0.0,0.9843260188087775,0,0.49216300940438873
22,6,Nyle DiMarco,percent,0.49835423197492157,0.25,0.0,1.0,0,0.5
22,7,Nyle DiMarco,percent,0.4986885125831306,0.24941588785046728,0.0,0.9976635514018691,0,0.49883177570093457
22,8,Nyle DiMarco,percent,0.4809675005205013,0.2337278106508876,0.005917159763313612,0.940828402366864,0,0.47337278106508884
22,9,Nyle DiMarco,percent,0.49185122576590645,0.24303135888501742,0.010452961672473865,0.9825783972125436,0,0.49651567944250874
22,2,Paige VanZant,percent,0.5,0.25,0.0,1.0,0,0.5
22,3,Paige VanZant,percent,0.5,0.25,0.0,1.0,0,0.5
22,4,Paige VanZant,percent,0.49451410658307204,0.24608150470219436,0.0,0.9843260188087775,0,0.49216300940438873
22,6,Paige VanZant,percent,0.49835423197492157,0.25,0.0,1.0,0,0.5
22,7,Paige VanZant,percent,0.4986885125831306,0.24941588785046728,0.0,0.9976635514018691,0,0.49883177570093457
22,8,Paige VanZant,percent,0.4851095123548208,0.23372781065088757,0.011834319526627196,0.9467455621301775,0,0.4792899408284023
22,9,Paige VanZant,percent,0.48821578053571446,0.24303135888501742,0.0034843205574912883,0.975609756097561,0,0.4895470383275261
22,2,Von Miller,percent,0.5,0.25,0.0,1.0,0,0.5
22,3,Von Miller,percent,0.5,0.25,0.0,1.0,0,0.5
22,4,Von Miller,percent,0.49451410658307204,0.24608150470219436,0.0,0.9843260188087775,0,0.49216300940438873
22,6,Von Miller,percent,0.49835423197492157,0.25,0.0,1.0,0,0.5
22,7,Von Miller,percent,0.20090813875135494,0.03671562082777035,0.0,0.1468624833110814,1,0.0734312416555407
22,2,Wanya Morris,percent,0.5,0.25,0.0,1.0,0,0.5
22,3,Wanya Morris,percent,0.5,0.25,0.0,1.0,0,0.5
22,4,Wanya Morris,percent,0.49451410658307204,0.24608150470219436,0.0,0.9843260188087775,0,0.49216300940438873
22,6,Wanya Morris,percent,0.49835423197492157,0.25,0.0,1.0,0,0.5
22,7,Wanya Morris,percent,0.4986885125831306,0.24941588785046728,0.0,0.9976635514018691,0,0.49883177570093457
22,8,Wanya Morris,percent,0.4975355478577794,0.2337278106508876,0.029585798816568032,0.9644970414201184,0,0.4970414201183432
22,9,Wanya Morris,percent,0.2343216399670899,0.060757839721254356,0.0,0.24303135888501742,1,0.12151567944250871
23,2,Amber Rose,percent,0.49715909090909094,0.24857954545454547,0.0,0.9943181818181819,0,0.49715909090909094
23,3,Amber Rose,percent,0.49914772727272727,0.25,0.0,1.0,0,0.5
23,4,Amber Rose,percent,0.4957213296760711,0.2471264367816092,0.0,0.9885057471264368,0,0.4942528735632184
23,6,Amber Rose,percent,0.1943630291396155,0.03260473588342441,0.0,0.13041894353369765,1,0.06520947176684883
23,2,Babyface,percent,0.49715909090909094,0.24857954545454547,0.0,0.9943181818181819,0,0.49715909090909094
23,3,Babyface,percent,0.49914772727272727,0.25,0.0,1.0,0,0.5
23,4,Babyface,percent,0.19252209595959596,0.030555555555555555,0.0,0.12222222222222222,1,0.06111111111111111
23,2,Calvin Johnson Jr.,percent,0.49715909090909094,0.24857954545454547,0.0,0.9943181818181819,0,0.49715909090909094
23,3,Calvin Johnson Jr.,percent,0.49914772727272727,0.25,0.0,1.0,0,0.5
23,4,Calvin Johnson Jr.,percent,0.4957213296760711,0.2471264367816092,0.0,0.9885057471264368,0,0.4942528735632184
23,6,Calvin Johnson Jr.,percent,0.49871639890282127,0.25,0.0,1.0,0,0.5
23,7,Calvin Johnson Jr.,percent,0.49834450224797877,0.24909255898366606,0.0,0.9963702359346642,0,0.4981851179673321
23,8,Calvin Johnson Jr.,percent,0.49079687434954156,0.24378108833939138,0.0,0.9751243533575655,0,0.48756217667878277
23,9,Calvin Johnson Jr.,percent,0.4972390623048625,0.25,0.0,1.0,0,0.5
23,10,Calvin Johnson Jr.,percent,0.5003662579406054,0.24402730375426623,0.013651877133105783,0.9897610921501707,0,0.5017064846416383
23,11,Calvin Johnson Jr.,percent,0.5001098773821816,0.25,0.0,1.0,0,0.5
23,2,Jake T. Austin,percent,0.04283216783216784,0.02141608391608392,0.0,0.08566433566433568,1,0.04283216783216784
23,2,James Hinchcliffe,percent,0.49715909090909094,0.24857954545454547,0.0,0.9943181818181819,0,0.49715909090909094
23,3,James Hinchcliffe,percent,0.49914772727272727,0.25,0.0,1.0,0,0.5
23,4,James Hinchcliffe,percent,0.4957213296760711,0.2471264367816092,0.0,0.9885057471264368,0,0.4942528735632184
23,6,James Hinchcliffe,percent,0.49871639890282127,0.25,0.0,1.0,0,0.5
23,7,James Hinchcliffe,percent,0.49834450224797877,0.24909255898366606,0.0,0.9963702359346642,0,0.4981851179673321
23,8,James Hinchcliffe,percent,0.49079687434954156,0.24378108833939138,0.0,0.9751243533575655,0,0.48756217667878277
23,9,James Hinchcliffe,percent,0.4972390623048625,0.25,-0.0,1.0,0,0.5
23,10,James Hinchcliffe,percent,0.4931990224457249,0.24402730375426623,0.0034129692832764458,0.9795221843003413,0,0.49146757679180886
23,11,James Hinchcliffe,percent,0.4979597067337175,0.25,0.0,1.0,0,0.5
23,2,Jana Kramer,percent,0.49715909090909094,0.24857954545454547,0.0,0.9943181818181819,0,0.49715909090909094
23,3,Jana Kramer,percent,0.49914772727272727,0.25,0.0,1.0,0,0.5
23,4,Jana Kramer,percent,0.4957213296760711,0.2471264367816092,0.0,0.9885057471264368,0,0.4942528735632184
23,6,Jana Kramer,percent,0.49871639890282127,0.25,0.0,1.0,0,0.5
23,7,Jana Kramer,percent,0.49834450224797877,0.24909255898366606,0.0,0.9963702359346642,0,0.4981851179673321
23,8,Jana Kramer,percent,0.49079687434954156,0.24378108833939138,0.0,0.9751243533575655,0,0.48756217667878277
23,9,Jana Kramer,percent,0.4972390623048625,0.25,0.0,1.0,0,0.5
23,10,Jana Kramer,percent,0.49558810094401845,0.2440273037542662,0.0068259385665528916,0.9829351535836177,0,0.4948805460750853
23,11,Jana Kramer,percent,0.2420222379236721,0.06667557688604756,0.0,0.2667023075441902,1,0.1333511537720951
23,2,Laurie Hernandez,percent,0.49715909090909094,0.24857954545454547,0.0,0.9943181818181819,0,0.49715909090909094
23,3,Laurie Hernandez,percent,0.49914772727272727,0.25,0.0,1.0,0,0.5
23,4,Laurie Hernandez,percent,0.4957213296760711,0.2471264367816092,0.0,0.9885057471264368,0,0.4942528735632184
23,6,Laurie Hernandez,percent,0.49871639890282127,0.25,0.0,1.0,0,0.5
23,7,Laurie Hernandez,percent,0.49834450224797877,0.24909255898366606,0.0,0.9963702359346642,0,0.4981851179673321
23,8,Laurie Hernandez,percent,0.49079687434954156,0.24378108833939138,0.0,0.9751243533575655,0,0.48756217667878277
23,9,Laurie Hernandez,percent,0.4972390623048625,0.25,0.0,1.0,0,0.5
23,10,Laurie Hernandez,percent,0.49080994394743144,0.24402730375426623,0.0,0.9761092150170649,0,0.48805460750853247
23,11,Laurie Hernandez,percent,0.49724298318422944,0.25,0.0,1.0,0,0.5
23,2,Marilu Henner,percent,0.49715909090909094,0.24857954545454547,0.0,0.9943181818181819,0,0.49715909090909094
23,3,Marilu Henner,percent,0.49914772727272727,0.25,0.0,1.0,0,0.5
23,4,Marilu Henner,percent,0.5010853143504006,0.2471264367816092,0.007662835249042141,0.9961685823754789,0,0.5019157088122606
23,6,Marilu Henner,percent,0.5003255943051201,0.25,0.0,1.0,0,0.5
23,7,Marilu Henner,percent,0.5013680957144035,0.24909255898366606,0.0036297640653357582,1.0,0,0.5018148820326679
23,8,Marilu Henner,percent,0.5021517239792915,0.24378108833939138,0.01492538798546067,0.9900497413430263,0,0.5024875646642435
23,9,Marilu Henner,percent,0.21180557593093868,0.04368575624082231,0.0,0.17474302496328925,1,0.08737151248164463
23,2,Maureen McCormick,percent,0.49715909090909094,0.24857954545454547,0.0,0.9943181818181819,0,0.49715909090909094
23,3,Maureen McCormick,percent,0.49914772727272727,0.25,0.0,1.0,0,0.5
23,4,Maureen McCormick,percent,0.4957213296760711,0.2471264367816092,0.0,0.9885057471264368,0,0.4942528735632184
23,6,Maureen McCormick,percent,0.49871639890282127,0.25,0.0,1.0,0,0.5
23,7,Maureen McCormick,percent,0.1951911447162184,0.03255444646098003,0.0,0.13021778584392013,1,0.06510889292196007
23,2,Rick Perry,percent,0.5028409090909091,0.24857954545454547,0.005681818181818177,1.0,0,0.5028409090909091
23,3,Rick Perry,percent,0.18441637529137528,0.023974358974358977,0.0,0.0958974358974359,1,0.04794871794871795
23,2,Ryan Lochte,percent,0.49715909090909094,0.24857954545454547,-0.0,0.9943181818181819,0,0.49715909090909094
23,3,Ryan Lochte,percent,0.49914772727272727,0.25,0.0,1.0,0,0.5
23,4,Ryan Lochte,percent,0.4984033220132358,0.2471264367816092,0.0038314176245210635,0.9923371647509579,0,0.4980842911877395
23,6,Ryan Lochte,percent,0.4995209966039707,0.25,0.0,1.0,0,0.5
23,7,Ryan Lochte,percent,0.4985858815583236,0.24909255898366606,0.0,0.9963702359346642,0,0.4981851179673321
23,8,Ryan Lochte,percent,0.20430208757826634,0.03909023079340662,0.0,0.1563609231736265,1,0.07818046158681324
23,2,Terra Jole,percent,0.49715909090909094,0.24857954545454547,0.0,0.9943181818181819,0,0.49715909090909094
23,3,Terra Jole,percent,0.49914772727272727,0.25,0.0,1.0,0,0.5
23,4,Terra Jole,percent,0.4957213296760711,0.2471264367816092,0.0,0.9885057471264368,0,0.4942528735632184
23,6,Terra Jole,percent,0.49871639890282127,0.25,0.0,1.0,0,0.5
23,7,Terra Jole,percent,0.49834450224797877,0.24909255898366606,0.0,0.9963702359346642,0,0.4981851179673321
23,8,Terra Jole,percent,0.49776205540942314,0.24378108833939138,0.009950258656973784,0.9850746120145393,0,0.4975124353357565
23,9,Terra Jole,percent,0.4993286166228269,0.25,0.0,1.0,0,0.5
23,10,Terra Jole,percent,0.2181262300380426,0.04880546075085325,0.0,0.195221843003413,1,0.0976109215017065
23,2,Vanilla Ice,percent,0.49715909090909094,0.24857954545454547,0.0,0.9943181818181819,0,0.49715909090909094
23,3,Vanilla Ice,percent,0.49914772727272727,0.25,-0.0,1.0,0,0.5
23,4,Vanilla Ice,percent,0.18648761320097526,0.026245210727969346,0.0,0.10498084291187738,1,0.05249042145593869
24,2,Bonner Bolton,percent,0.5,0.25,0.0,1.0,0,0.5
24,3,Bonner Bolton,percent,0.5,0.25,0.0,1.0,0,0.5
24,4,Bonner Bolton,percent,0.5,0.25,0.0,1.0,0,0.5
24,5,Bonner Bolton,percent,0.4988486842105263,0.24588815789473686,0.006578947368421045,0.9901315789473685,0,0.49835526315789475
24,6,Bonner Bolton,percent,0.4788367613969869,0.22490706319702602,0.02044609665427509,0.9200743494423792,0,0.47026022304832715
24,7,Bonner Bolton,percent,0.4950344276285822,0.24110671936758893,0.019762845849802382,0.9841897233201581,0,0.5019762845849802
24,8,Bonner Bolton,percent,0.23034413917682678,0.05845272206303724,0.0,0.23381088825214896,1,0.11690544412607448
24,2,Charo,percent,0.5,0.25,0.0,1.0,0,0.5
24,3,Charo,percent,0.18696969696969695,0.026406926406926393,0.0,0.10562770562770557,1,0.052813852813852785
24,2,Chris Kattan,percent,0.04979674796747966,0.02489837398373983,0.0,0.09959349593495932,1,0.04979674796747966
24,2,David Ross,percent,0.5,0.25,0.0,1.0,0,0.5
24,3,David Ross,percent,0.5,0.25,0.0,1.0,0,0.5
24,4,David Ross,percent,0.5,0.25,0.0,1.0,0,0.5
24,5,David Ross,percent,0.5011513157894737,0.24588815789473686,0.009868421052631568,0.993421052631579,0,0.5016447368421053
24,6,David Ross,percent,0.48082866611230674,0.22490706319702602,0.02230483271375465,0.9219330855018587,0,0.47211895910780666
24,7,David Ross,percent,0.4928652006242058,0.24110671936758893,0.015810276679841917,0.9802371541501976,0,0.4980237154150198
24,8,David Ross,percent,0.49785956018726174,0.25,0.0,1.0,0,0.5
24,9,David Ross,percent,0.502823214590832,0.235973597359736,0.033003300330032986,0.976897689768977,0,0.504950495049505
24,2,Erika Jayne,percent,0.5,0.25,0.0,1.0,0,0.5
24,3,Erika Jayne,percent,0.5,0.25,0.0,1.0,0,0.5
24,4,Erika Jayne,percent,0.5,0.25,0.0,1.0,0,0.5
24,5,Erika Jayne,percent,0.19093567251461988,0.02923976608187134,0.0,0.11695906432748536,1,0.05847953216374268
24,2,Heather Morris,percent,0.5,0.25,0.0,1.0,0,0.5
24,3,Heather Morris,percent,0.5,0.25,0.0,1.0,0,0.5
24,4,Heather Morris,percent,0.5,0.25,0.0,1.0,0,0.5
24,5,Heather Morris,percent,0.49424342105263164,0.24588815789473686,0.0,0.9835526315789475,0,0.49177631578947373
24,6,Heather Morris,percent,0.18763176237526902,0.02811338289962825,0.0,0.112453531598513,1,0.0562267657992565
24,2,Mr. T,percent,0.5,0.25,-0.0,1.0,0,0.5
24,3,Mr. T,percent,0.5,0.25,-0.0,1.0,0,0.5
24,4,Mr. T,percent,0.18993865030674845,0.028527607361963185,0.0,0.11411042944785274,1,0.05705521472392637
24,2,Nancy Kerrigan,percent,0.5,0.25,0.0,1.0,0,0.5
24,3,Nancy Kerrigan,percent,0.5,0.25,0.0,1.0,0,0.5
24,4,Nancy Kerrigan,percent,0.5,0.25,0.0,1.0,0,0.5
24,5,Nancy Kerrigan,percent,0.49424342105263164,0.24588815789473686,0.0,0.9835526315789475,0,0.49177631578947373
24,6,Nancy Kerrigan,percent,0.4722507214830757,0.22490706319702602,0.013011152416356878,0.912639405204461,0,0.4628252788104089
24,7,Nancy Kerrigan,percent,0.2007002493829991,0.042160737812911714,0.0,0.16864295125164686,1,0.08432147562582343
24,2,Nick Viall,percent,0.5,0.25,0.0,1.0,0,0.5
24,3,Nick Viall,percent,0.5,0.25,0.0,1.0,0,0.5
24,4,Nick Viall,percent,0.5,0.25,0.0,1.0,0,0.5
24,5,Nick Viall,percent,0.49424342105263164,0.24588815789473686,0.0,0.9835526315789475,0,0.49177631578947373
24,6,Nick Viall,percent,0.48005741293288984,0.22490706319702602,0.024163568773234195,0.9237918215613383,0,0.4739776951672863
24,7,Nick Viall,percent,0.20534792216708697,0.04380764163372859,0.0,0.17523056653491437,1,0.08761528326745718
24,2,Normani,percent,0.5,0.25,0.0,1.0,0,0.5
24,3,Normani,percent,0.5,0.25,0.0,1.0,0,0.5
24,4,Normani,percent,0.5,0.25,0.0,1.0,0,0.5
24,5,Normani,percent,0.49424342105263164,0.24588815789473686,0.0,0.9835526315789475,0,0.49177631578947373
24,6,Normani,percent,0.4657451452748973,0.22490706319702602,0.0037174721189591198,0.9033457249070632,0,0.45353159851301117
24,7,Normani,percent,0.4772729506970937,0.24110671936758893,0.0,0.9644268774703557,0,0.48221343873517786
24,8,Normani,percent,0.4931818852091281,0.25,0.0,1.0,0,0.5
24,9,Normani,percent,0.487558525958778,0.235973597359736,0.013201320132013195,0.9570957095709571,0,0.48514851485148514
24,2,Rashad Jennings,percent,0.5,0.25,0.0,1.0,0,0.5
24,3,Rashad Jennings,percent,0.5,0.25,0.0,1.0,0,0.5
24,4,Rashad Jennings,percent,0.5,0.25,0.0,1.0,0,0.5
24,5,Rashad Jennings,percent,0.49424342105263164,0.24588815789473686,0.0,0.9835526315789475,0,0.49177631578947373
24,6,Rashad Jennings,percent,0.46834737575816865,0.22490706319702602,0.007434944237918212,0.9070631970260223,0,0.4572490706319703
24,7,Rashad Jennings,percent,0.47805361984207506,0.24110671936758893,0.0,0.9644268774703557,0,0.48221343873517786
24,8,Rashad Jennings,percent,0.4934160859526225,0.25,0.0,1.0,0,0.5
24,9,Rashad Jennings,percent,0.4853185551587241,0.235973597359736,0.009900990099009854,0.9537953795379539,0,0.4818481848184819
24,2,Simone Biles,percent,0.5,0.25,0.0,1.0,0,0.5
24,3,Simone Biles,percent,0.5,0.25,0.0,1.0,0,0.5
24,4,Simone Biles,percent,0.5,0.25,0.0,1.0,0,0.5
24,5,Simone Biles,percent,0.49424342105263164,0.24588815789473686,0.0,0.9835526315789475,0,0.49177631578947373
24,6,Simone Biles,percent,0.4696484909998043,0.22490706319702602,0.009293680297397772,0.9089219330855018,0,0.4591078066914498
24,7,Simone Biles,percent,0.4784439544145658,0.24110671936758893,0.0,0.9644268774703557,0,0.48221343873517786
24,8,Simone Biles,percent,0.4935331863243697,0.25,0.0,1.0,0,0.5
24,9,Simone Biles,percent,0.23065071497321848,0.05899339933993399,0.0,0.23597359735973597,1,0.11798679867986799
25,2,Barbara Corcoran,percent,0.049131627056672754,0.024565813528336377,0.0,0.09826325411334551,1,0.049131627056672754
25,2,Debbie Gibson,percent,0.043266301035953685,0.021633150517976842,0.0,0.08653260207190737,1,0.043266301035953685
25,2,Derek Fisher,percent,0.4963436928702011,0.24542961608775138,0.005484460694698351,0.9872029250457038,0,0.4963436928702011
25,4,Derek Fisher,percent,0.18283467444945345,0.024236833277423677,0.0,0.09694733310969471,1,0.048473666554847354
25,2,Drew Scott,percent,0.49085923217550276,0.24542961608775138,0.0,0.9817184643510055,0,0.49085923217550276
25,4,Drew Scott,percent,0.4959662567375217,0.24907749077490776,0.0,0.996309963099631,0,0.4981549815498155
25,5,Drew Scott,percent,0.4961078846840918,0.24808429118773948,0.0,0.9923371647509579,0,0.49616858237547895
25,6,Drew Scott,percent,0.4988323654052275,0.25,0.0,1.0,0,0.5
25,7,Drew Scott,percent,0.4931380817145915,0.2453488372093023,0.0,0.9813953488372092,0,0.4906976744186046
25,8,Drew Scott,percent,0.49905963537699716,0.24440894568690097,0.012779552715654952,0.9904153354632588,0,0.5015974440894568
25,9,Drew Scott,percent,0.5036067795019881,0.237962962962963,0.029629629629629617,0.9814814814814815,0,0.5055555555555555
25,10,Drew Scott,percent,0.24215653283933408,0.06505321356338406,0.0,0.26021285425353624,1,0.13010642712676812
25,2,Frankie Muniz,percent,0.49085923217550276,0.24542961608775138,0.0,0.9817184643510055,0,0.49085923217550276
25,4,Frankie Muniz,percent,0.4959662567375217,0.24907749077490776,0.0,0.996309963099631,0,0.4981549815498155
25,5,Frankie Muniz,percent,0.4961078846840918,0.24808429118773948,0.0,0.9923371647509579,0,0.49616858237547895
25,6,Frankie Muniz,percent,0.4988323654052275,0.25,0.0,1.0,0,0.5
25,7,Frankie Muniz,percent,0.4931380817145915,0.2453488372093023,0.0,0.9813953488372092,0,0.4906976744186046
25,8,Frankie Muniz,percent,0.49011394847603873,0.24440894568690097,0.0,0.9776357827476039,0,0.48881789137380194
25,9,Frankie Muniz,percent,0.49314529565392273,0.23796296296296296,0.018518518518518517,0.9703703703703703,0,0.4944444444444444
25,10,Frankie Muniz,percent,0.49794358869617683,0.25,0.0,1.0,0,0.5
25,2,Jordan Fisher,percent,0.49085923217550276,0.24542961608775138,0.0,0.9817184643510055,0,0.49085923217550276
25,4,Jordan Fisher,percent,0.4959662567375217,0.24907749077490776,0.0,0.996309963099631,0,0.4981549815498155
25,5,Jordan Fisher,percent,0.4961078846840918,0.24808429118773948,0.0,0.9923371647509579,0,0.49616858237547895
25,6,Jordan Fisher,percent,0.4988323654052275,0.25,0.0,1.0,0,0.5
25,7,Jordan Fisher,percent,0.4931380817145915,0.2453488372093023,-0.0,0.9813953488372092,0,0.4906976744186046
25,8,Jordan Fisher,percent,0.49011394847603873,0.24440894568690097,0.0,0.9776357827476039,0,0.48881789137380194
25,9,Jordan Fisher,percent,0.4801823326909598,0.237962962962963,0.0,0.951851851851852,0,0.475925925925926
25,10,Jordan Fisher,percent,0.4940546998072879,0.25,0.0,1.0,0,0.5
25,2,Lindsey Stirling,percent,0.49085923217550276,0.24542961608775138,0.0,0.9817184643510055,0,0.49085923217550276
25,4,Lindsey Stirling,percent,0.4959662567375217,0.24907749077490776,0.0,0.996309963099631,0,0.4981549815498155
25,5,Lindsey Stirling,percent,0.4961078846840918,0.24808429118773948,0.0,0.9923371647509579,0,0.49616858237547895
25,6,Lindsey Stirling,percent,0.4988323654052275,0.25,0.0,1.0,0,0.5
25,7,Lindsey Stirling,percent,0.49802180264482404,0.2453488372093023,0.0069767441860465185,0.9883720930232558,0,0.49767441860465117
25,8,Lindsey Stirling,percent,0.4915790647551085,0.24440894568690097,0.0,0.9776357827476039,0,0.48881789137380194
25,9,Lindsey Stirling,percent,0.4806218675746807,0.237962962962963,0.0,0.951851851851852,0,0.475925925925926
25,10,Lindsey Stirling,percent,0.49418656027240415,0.25,0.0,1.0,0,0.5
25,2,Nick Lachey,percent,0.4963436928702011,0.24542961608775138,0.005484460694698351,0.9872029250457038,0,0.4963436928702011
25,4,Nick Lachey,percent,0.5001946207761894,0.24907749077490776,0.0036900369003690092,1.0,0,0.5018450184501845
25,5,Nick Lachey,percent,0.5027403785700215,0.24808429118773948,0.007662835249042141,1.0,0,0.5038314176245211
25,6,Nick Lachey,percent,0.19886132925728095,0.034313725490196074,0.0,0.1372549019607843,1,0.06862745098039215
25,2,Nikki Bella,percent,0.4945155393053017,0.24542961608775138,0.0036563071297989053,0.9853747714808044,0,0.4945155393053017
25,4,Nikki Bella,percent,0.4970631488764613,0.24907749077490776,0.0,0.996309963099631,0,0.4981549815498155
25,5,Nikki Bella,percent,0.4964369523257737,0.24808429118773948,0.0,0.9923371647509579,0,0.49616858237547895
25,6,Nikki Bella,percent,0.49893108569773204,0.25,0.0,1.0,0,0.5
25,7,Nikki Bella,percent,0.20433048850001728,0.039036544850498345,0.0,0.15614617940199338,1,0.07807308970099669
25,2,Sasha Pieterse,percent,0.49085923217550276,0.24542961608775138,0.0,0.9817184643510055,0,0.49085923217550276
25,4,Sasha Pieterse,percent,0.4959662567375217,0.24907749077490776,0.0,0.996309963099631,0,0.4981549815498155
25,5,Sasha Pieterse,percent,0.1866059689752795,0.027011494252873573,0.0,0.10804597701149429,1,0.054022988505747147
25,2,Terrell Owens,percent,0.4945155393053017,0.24542961608775138,0.0036563071297989053,0.9853747714808044,0,0.4945155393053017
25,4,Terrell Owens,percent,0.4970631488764613,0.24907749077490776,0.0,0.996309963099631,0,0.4981549815498155
25,5,Terrell Owens,percent,0.4964369523257737,0.24808429118773948,0.0,0.9923371647509579,0,0.49616858237547895
25,6,Terrell Owens,percent,0.49893108569773204,0.25,0.0,1.0,0,0.5
25,7,Terrell Owens,percent,0.5013072326860637,0.2453488372093023,0.011627906976744193,0.9930232558139535,0,0.5023255813953488
25,8,Terrell Owens,percent,0.21003008247887556,0.04259850905218318,0.0,0.17039403620873272,1,0.08519701810436636
25,2,Vanessa Lachey,percent,0.49085923217550276,0.24542961608775138,0.0,0.9817184643510055,0,0.49085923217550276
25,4,Vanessa Lachey,percent,0.4959662567375217,0.24907749077490776,0.0,0.996309963099631,0,0.4981549815498155
25,5,Vanessa Lachey,percent,0.4961078846840918,0.24808429118773948,0.0,0.9923371647509579,0,0.49616858237547895
25,6,Vanessa Lachey,percent,0.4988323654052275,0.25,0.0,1.0,0,0.5
25,7,Vanessa Lachey,percent,0.200114825900638,0.03604651162790697,0.0,0.1441860465116279,1,0.07209302325581395
25,2,Victoria Arlen,percent,0.49085923217550276,0.24542961608775138,0.0,0.9817184643510055,0,0.49085923217550276
25,4,Victoria Arlen,percent,0.4959662567375217,0.24907749077490776,0.0,0.996309963099631,0,0.4981549815498155
25,5,Victoria Arlen,percent,0.4961078846840918,0.24808429118773948,0.0,0.9923371647509579,0,0.49616858237547895
25,6,Victoria Arlen,percent,0.4988323654052275,0.25,0.0,1.0,0,0.5
25,7,Victoria Arlen,percent,0.4931380817145915,0.2453488372093023,0.0,0.9813953488372092,0,0.4906976744186046
25,8,Victoria Arlen,percent,0.49682321365175763,0.24440894568690097,0.009584664536741228,0.9872204472843451,0,0.49840255591054317
25,9,Victoria Arlen,percent,0.21645437150293467,0.04814814814814815,0.0,0.1925925925925926,1,0.0962962962962963
26,1,Adam Rippon,percent,0.49523809523809526,0.24761904761904763,0.0,0.9904761904761905,0,0.49523809523809526
26,2,Adam Rippon,percent,0.4841789052069426,0.23971962616822434,0.0,0.9588785046728974,0,0.4794392523364487
26,3,Adam Rippon,percent,0.4952536715620828,0.25,0.0,1.0,0,0.5
26,1,Arike Ogunbowale,percent,0.49523809523809526,0.24761904761904763,0.0,0.9904761904761905,0,0.49523809523809526
26,2,Arike Ogunbowale,percent,0.1972630173564753,0.034779706275033385,0.0,0.13911882510013354,1,0.06955941255006677
26,1,Chris Mazdzer,percent,0.49523809523809526,0.24761904761904763,0.0,0.9904761904761905,0,0.49523809523809526
26,2,Chris Mazdzer,percent,0.4894125500667557,0.23971962616822434,0.007476635514018684,0.966355140186916,0,0.48691588785046735
26,3,Chris Mazdzer,percent,0.24054414416694608,0.06694312796208529,0.0,0.26777251184834117,1,0.13388625592417058
26,1,Jamie Anderson,percent,0.06111111111111109,0.030555555555555544,0.0,0.12222222222222218,1,0.06111111111111109
26,1,Jennie Finch Daigle,percent,0.49523809523809526,0.24761904761904763,0.0,0.9904761904761905,0,0.49523809523809526
26,2,Jennie Finch Daigle,percent,0.49333778371161546,0.23971962616822434,0.0130841121495327,0.97196261682243,0,0.49252336448598133
26,3,Jennie Finch Daigle,percent,0.24669801757793958,0.07049763033175355,0.0,0.2819905213270142,1,0.1409952606635071
26,1,Johnny Damon,percent,0.06322751322751319,0.031613756613756594,0.0,0.12645502645502638,1,0.06322751322751319
26,1,Josh Norman,percent,0.49523809523809526,0.24761904761904763,0.0,0.9904761904761905,0,0.49523809523809526
26,2,Josh Norman,percent,0.49333778371161546,0.23971962616822434,0.0130841121495327,0.97196261682243,0,0.49252336448598133
26,3,Josh Norman,percent,0.4980013351134846,0.25,0.0,1.0,0,0.5
26,1,Kareem Abdul-Jabbar,percent,0.5047619047619047,0.24761904761904763,0.009523809523809518,1.0,0,0.5047619047619047
26,2,Kareem Abdul-Jabbar,percent,0.20628838451268355,0.03918558077436582,0.0,0.15674232309746328,1,0.07837116154873164
26,1,Mirai Nagasu,percent,0.49523809523809526,0.24761904761904763,0.0,0.9904761904761905,0,0.49523809523809526
26,2,Mirai Nagasu,percent,0.4841789052069426,0.23971962616822431,0.0,0.9588785046728973,0,0.47943925233644863
26,3,Mirai Nagasu,percent,0.23648589905023443,0.06516587677725119,0.0,0.26066350710900477,1,0.13033175355450238
26,1,Tonya Harding,percent,0.49523809523809526,0.24761904761904763,0.0,0.9904761904761905,0,0.49523809523809526
26,2,Tonya Harding,percent,0.48941255006675566,0.23971962616822431,0.007476635514018684,0.9663551401869159,0,0.4869158878504673
26,3,Tonya Harding,percent,0.4968237650200267,0.25,-0.0,1.0,0,0.5
27,1,Alexis Ren,percent,0.4931372549019608,0.2465686274509804,0.0,0.9862745098039216,0,0.4931372549019608
27,2,Alexis Ren,percent,0.49664727628574534,0.24907578558225507,0.0,0.9963031423290203,0,0.49815157116451014
27,3,Alexis Ren,percent,0.4925366183100779,0.24538745387453875,0.0,0.981549815498155,0,0.4907749077490775
27,4,Alexis Ren,percent,0.4540109854930233,0.2165948275862069,0.0043103448275862155,0.8706896551724138,0,0.4375
27,6,Alexis Ren,percent,0.47244783713262317,0.24017467248908297,0.0,0.9606986899563319,0,0.48034934497816595
27,7,Alexis Ren,percent,0.4852975695305915,0.2454022988505747,0.0,0.9816091954022989,0,0.4908045977011494
27,8,Alexis Ren,percent,0.47385014042439483,0.23136645962732919,0.0062111801242235865,0.9316770186335404,0,0.468944099378882
27,1,Bobby Bones,percent,0.4931372549019608,0.2465686274509804,0.0,0.9862745098039216,0,0.4931372549019608
27,2,Bobby Bones,percent,0.49664727628574534,0.24907578558225507,0.0,0.9963031423290203,0,0.49815157116451014
27,3,Bobby Bones,percent,0.4925366183100779,0.24538745387453875,0.0,0.981549815498155,0,0.4907749077490775
27,4,Bobby Bones,percent,0.4690971923895751,0.2165948275862069,0.025862068965517238,0.8922413793103449,0,0.45905172413793105
27,6,Bobby Bones,percent,0.4830872363194926,0.24017467248908297,0.008733624454148464,0.9694323144104804,0,0.48908296943231444
27,7,Bobby Bones,percent,0.4900985846889513,0.2454022988505747,0.0022988505747126436,0.9839080459770115,0,0.4931034482758621
27,8,Bobby Bones,percent,0.5035513145371201,0.23136645962732919,0.04658385093167702,0.9720496894409938,0,0.5093167701863354
27,1,Danelle Umstead,percent,0.4931372549019608,0.2465686274509804,0.0,0.9862745098039216,0,0.4931372549019608
27,2,Danelle Umstead,percent,0.18233735638432824,0.024568699938385705,0.0,0.09827479975354282,1,0.04913739987677141
27,1,DeMarcus Ware,percent,0.4931372549019608,0.2465686274509804,0.0,0.9862745098039216,0,0.4931372549019608
27,2,DeMarcus Ware,percent,0.49664727628574534,0.24907578558225507,0.0,0.9963031423290203,0,0.49815157116451014
27,3,DeMarcus Ware,percent,0.4925366183100779,0.24538745387453875,0.0,0.981549815498155,0,0.4907749077490775
27,4,DeMarcus Ware,percent,0.4630627096309544,0.2165948275862069,0.017241379310344834,0.8836206896551725,0,0.4504310344827587
27,6,DeMarcus Ware,percent,0.4751633543740025,0.24017467248908297,0.0,0.9606986899563319,0,0.48034934497816595
27,7,DeMarcus Ware,percent,0.19369843159955707,0.036535303776683084,0.0,0.14614121510673234,1,0.07307060755336617
27,1,Evanna Lynch,percent,0.4931372549019608,0.2465686274509804,0.0,0.9862745098039216,0,0.4931372549019608
27,2,Evanna Lynch,percent,0.49664727628574534,0.24907578558225507,0.0,0.9963031423290203,0,0.49815157116451014
27,3,Evanna Lynch,percent,0.4925366183100779,0.24538745387453875,0.0,0.981549815498155,0,0.4907749077490775
27,4,Evanna Lynch,percent,0.4570282268723337,0.2165948275862069,0.008620689655172417,0.875,0,0.4418103448275862
27,6,Evanna Lynch,percent,0.47335300954641624,0.24017467248908297,0.0,0.9606986899563319,0,0.48034934497816595
27,7,Evanna Lynch,percent,0.4855691212547294,0.2454022988505747,0.0,0.9816091954022989,0,0.4908045977011494
27,8,Evanna Lynch,percent,0.4739316059416362,0.23136645962732919,0.0062111801242235865,0.9316770186335404,0,0.468944099378882
27,1,Joe Amabile,percent,0.5068627450980392,0.2465686274509804,0.013725490196078438,1.0,0,0.5068627450980392
27,2,Joe Amabile,percent,0.5033527237142545,0.24907578558225507,0.0036968576709796724,1.0,0,0.5018484288354899
27,3,Joe Amabile,percent,0.5048803558596637,0.24538745387453875,0.014760147601476009,0.996309963099631,0,0.5055350553505535
27,4,Joe Amabile,percent,0.48788652055100257,0.2165948275862069,0.04741379310344827,0.9137931034482759,0,0.4806034482758621
27,6,Joe Amabile,percent,0.4887240347679208,0.24017467248908297,0.008733624454148464,0.9694323144104804,0,0.48908296943231444
27,7,Joe Amabile,percent,0.5014447966372728,0.2454022988505747,0.016091954022988506,0.9977011494252873,0,0.506896551724138
27,8,Joe Amabile,percent,0.22738996073031226,0.054968944099378886,0.0,0.21987577639751554,1,0.10993788819875777
27,1,John Schneider,percent,0.4931372549019608,0.2465686274509804,0.0,0.9862745098039216,0,0.4931372549019608
27,2,John Schneider,percent,0.49664727628574534,0.24907578558225507,0.0,0.9963031423290203,0,0.49815157116451014
27,3,John Schneider,percent,0.49511964414033616,0.24538745387453875,0.0036900369003689953,0.985239852398524,0,0.49446494464944646
27,4,John Schneider,percent,0.4668548587593422,0.2165948275862069,0.021551724137931036,0.8879310344827587,0,0.45474137931034486
27,6,John Schneider,percent,0.4915848419072786,0.24017467248908297,0.021834061135371174,0.982532751091703,0,0.5021834061135371
27,7,John Schneider,percent,0.19793522268712607,0.03604269293924466,0.0,0.14417077175697865,1,0.07208538587848932
27,1,Juan Pablo Di Pace,percent,0.4931372549019608,0.2465686274509804,0.0,0.9862745098039216,0,0.4931372549019608
27,2,Juan Pablo Di Pace,percent,0.49664727628574534,0.24907578558225507,0.0,0.9963031423290203,0,0.49815157116451014
27,3,Juan Pablo Di Pace,percent,0.4925366183100779,0.24538745387453875,0.0,0.981549815498155,0,0.4907749077490775
27,4,Juan Pablo Di Pace,percent,0.4570282268723337,0.2165948275862069,0.008620689655172417,0.875,0,0.4418103448275862
27,6,Juan Pablo Di Pace,percent,0.47335300954641624,0.24017467248908297,0.0,0.9606986899563319,0,0.48034934497816595
27,7,Juan Pablo Di Pace,percent,0.4855691212547294,0.2454022988505747,0.0,0.9816091954022989,0,0.4908045977011494
27,8,Juan Pablo Di Pace,percent,0.21045334507207097,0.04627329192546584,0.0,0.18509316770186335,1,0.09254658385093167
27,1,Mary Lou Retton,percent,0.4931372549019608,0.2465686274509804,0.0,0.9862745098039216,0,0.4931372549019608
27,2,Mary Lou Retton,percent,0.49664727628574534,0.24907578558225507,0.0,0.9963031423290203,0,0.49815157116451014
27,3,Mary Lou Retton,percent,0.4925366183100779,0.24538745387453875,0.0,0.981549815498155,0,0.4907749077490775
27,4,Mary Lou Retton,percent,0.450993744113713,0.2165948275862069,0.0,0.8663793103448276,0,0.4331896551724138
27,6,Mary Lou Retton,percent,0.1763946783044681,0.02935468219311014,0.0,0.11741872877244056,1,0.05870936438622028
27,1,Milo Manheim,percent,0.4931372549019608,0.2465686274509804,0.0,0.9862745098039216,0,0.4931372549019608
27,2,Milo Manheim,percent,0.49664727628574534,0.24907578558225507,0.0,0.9963031423290203,0,0.49815157116451014
27,3,Milo Manheim,percent,0.4925366183100779,0.24538745387453875,0.0,0.981549815498155,0,0.4907749077490775
27,4,Milo Manheim,percent,0.450993744113713,0.2165948275862069,0.0,0.8663793103448276,0,0.4331896551724138
27,6,Milo Manheim,percent,0.47154266471883005,0.24017467248908297,0.0,0.9606986899563319,0,0.48034934497816595
27,7,Milo Manheim,percent,0.4850260178064536,0.2454022988505747,0.0,0.9816091954022989,0,0.4908045977011494
27,8,Milo Manheim,percent,0.4802904140375882,0.23136645962732919,0.015527950310559008,0.9409937888198757,0,0.47826086956521735
27,1,Nancy McKeon,percent,0.4931372549019608,0.2465686274509804,0.0,0.9862745098039216,0,0.4931372549019608
27,2,Nancy McKeon,percent,0.49664727628574534,0.24907578558225507,0.0,0.9963031423290203,0,0.49815157116451014
27,3,Nancy McKeon,percent,0.1842172623892459,0.025159342502515933,0.0,0.10063737001006373,1,0.050318685005031866
27,1,Nikki Glaser,percent,0.04260935143288083,0.021304675716440416,0.0,0.08521870286576166,1,0.04260935143288083
27,1,Tinashe,percent,0.4931372549019608,0.2465686274509804,0.0,0.9862745098039216,0,0.4931372549019608
27,2,Tinashe,percent,0.49664727628574534,0.24907578558225507,0.0,0.9963031423290203,0,0.49815157116451014
27,3,Tinashe,percent,0.4925366183100779,0.24538745387453875,0.0,0.981549815498155,0,0.4907749077490775
27,4,Tinashe,percent,0.17853684756198887,0.021982758620689654,0.0,0.08793103448275862,1,0.04396551724137931
28,2,Ally Brooke,rank,0.08478431573223384,0.0766293273977439,5.801716274252303e-06,0.5647694107575344,0,0.08478431573223384
28,4,Ally Brooke,rank,0.09601773367835797,0.12389835328044496,4.174779276863809e-12,0.8956347239252078,0,0.10083205565526832
28,6,Ally Brooke,rank,0.11451498781468286,0.11947345970920567,0.00015034260167492164,0.7234364722380463,0,0.1224423824445364
28,7,Ally Brooke,rank,0.12296308864169928,0.13170635428872698,8.069196305315116e-09,0.8338537774423916,0,0.12658370328184917
28,8,Ally Brooke,rank,0.133739333896292,0.13872612598636055,8.753753946106359e-09,0.8882559634175577,0,0.1383577247196889
28,9,Ally Brooke,rank,0.1437534239330687,0.15425642708261808,6.225665781228522e-09,0.879988400705596,0,0.148045176805973
28,10,Ally Brooke,rank,0.1659768507257009,0.1578980992851226,1.884268884958743e-06,0.9253142743865206,0,0.17550117649397184
28,2,Hannah Brown,rank,0.0845884406395604,0.07734454955084943,4.217466084655974e-06,0.5933616343653616,0,0.0845884406395604
28,4,Hannah Brown,rank,0.09544898696655486,0.12341360827925335,7.231993061188057e-12,0.9094366360008287,0,0.10010350682098107
28,6,Hannah Brown,rank,0.13774397581796058,0.1368309325135936,4.027109122937212e-08,0.7482411760129182,0,0.15587039961142019
28,7,Hannah Brown,rank,0.15725795372841772,0.14614841520889832,2.1758035488104527e-06,0.9092732029551588,0,0.16562108711861365
28,8,Hannah Brown,rank,0.1690216846730827,0.15308934660257356,1.1696784066682463e-06,0.9481663127312159,0,0.17406328364936768
28,9,Hannah Brown,rank,0.20879558622170252,0.16902787060226238,7.90663403127197e-06,0.95832060713435,0,0.22584154402825388
28,10,Hannah Brown,rank,0.2586674186945481,0.18420797578068418,7.548166320013282e-05,0.9652774378914134,0,0.2800410611829105
28,2,James Van Der Beek,rank,0.08514634160437926,0.07767097093591731,4.270615287036041e-08,0.612715063579342,0,0.08514634160437926
28,4,James Van Der Beek,rank,0.10188810923034097,0.12739497065990504,6.541814262316837e-11,0.8700986698415099,0,0.10906315249861029
28,6,James Van Der Beek,rank,0.09305505106433183,0.11285412375288768,3.311942963030069e-05,0.8204680226181132,0,0.08926945470747079
28,7,James Van Der Beek,rank,0.09200648201763982,0.1154593119174152,3.1107720804581584e-11,0.7919224995188031,0,0.09155709528334324
28,8,James Van Der Beek,rank,0.09491644992195412,0.12090644654617264,2.456576940284566e-09,0.8352342972267729,0,0.09616357902380313
28,9,James Van Der Beek,rank,0.11656195771542456,0.13847713736417383,2.0485105725443456e-11,0.8267881214742914,0,0.1258386039126262
28,10,James Van Der Beek,rank,0.12762076184842092,0.12787656318079288,1.9007465947804373e-08,0.9056818410320245,1,0.1323602493339908
28,2,Karamo Brown,rank,0.08625645270083247,0.07691607283459752,4.8326020937409e-06,0.6233091838461878,0,0.08625645270083247
28,4,Karamo Brown,rank,0.10271483131464298,0.12616519938750823,9.168652974548579e-11,0.9183146826367703,0,0.1097684221491332
28,6,Karamo Brown,rank,0.14043920272120275,0.13753502699664993,7.866564878000933e-06,0.8388050077374379,0,0.15660679046687123
28,7,Karamo Brown,rank,0.06216914347121958,0.028648411084581795,1.9154417515897842e-08,0.2699106548563099,1,0.02862483236408394
28,2,Kate Flannery,rank,0.08457269300965932,0.0773803788486231,4.952668305917088e-07,0.6267283408071401,0,0.08457269300965932
28,4,Kate Flannery,rank,0.10550916058303539,0.1270682505566417,6.155086878629468e-10,0.9018692303672149,0,0.11448193240019658
28,6,Kate Flannery,rank,0.0915023581891857,0.1133452839635723,2.386091727425994e-07,0.7928470980175206,0,0.08549944287753583
28,7,Kate Flannery,rank,0.11192889170220086,0.1279417971890406,3.409198459593375e-11,0.855958962635794,0,0.12068312035063593
28,8,Kate Flannery,rank,0.06195085212974731,0.04217135591474459,1.5610817641541627e-08,0.2802650094747548,1,0.04053169231298151
28,2,Kel Mitchell,rank,0.08446445292948732,0.07759998426918421,1.7716691759614202e-05,0.6561033418488292,0,0.08446445292948732
28,4,Kel Mitchell,rank,0.09520659769274605,0.12334485169720621,3.473408960062006e-11,0.8562065634010133,0,0.09981037401985694
28,6,Kel Mitchell,rank,0.08734416394245306,0.1093738165105673,5.080129927530339e-06,0.7294018225492764,0,0.0839745494780418
28,7,Kel Mitchell,rank,0.10753453895294793,0.12015335976019974,2.4365466069463426e-09,0.8323104416016945,0,0.11618755681458859
28,8,Kel Mitchell,rank,0.12833726752009894,0.1368153450996835,3.7514002450803006e-10,0.883061011981343,0,0.13725272262030655
28,9,Kel Mitchell,rank,0.14948759232057585,0.15387865990741667,2.98546604951207e-08,0.8728318878926388,0,0.15855201723506598
28,10,Kel Mitchell,rank,0.17965663180971939,0.16172167853302527,2.8249871807168445e-06,0.9457553563220606,0,0.1925862201622095
28,2,Lamar Odom,rank,0.09756198577679012,0.0803330176444868,3.7199583519471744e-06,0.6331754358608032,0,0.09756198577679012
28,4,Lamar Odom,rank,0.053026338107198874,0.038506389574612686,2.4174063185700873e-11,0.359212401586879,1,0.03393963196308834
28,2,Lauren Alaina,rank,0.08552420888713308,0.07683024227837192,2.85272834517934e-06,0.6154457748481693,0,0.08552420888713308
28,4,Lauren Alaina,rank,0.09611876532187516,0.12379703965046751,1.1979273346868313e-15,0.9046616145589357,0,0.10065928950819321
28,6,Lauren Alaina,rank,0.1003405456176214,0.11326776028486343,4.199603547544935e-05,0.6789943994541967,0,0.10214988003008409
28,7,Lauren Alaina,rank,0.10191870171753142,0.11900296706534413,1.5287320424213945e-08,0.8003178820083865,0,0.1025950543317786
28,8,Lauren Alaina,rank,0.12047776477645693,0.13447912711845958,9.498920280811991e-10,0.9145630178196766,0,0.12843164894456788
28,9,Lauren Alaina,rank,0.16042096306261294,0.1641903131548903,1.0161903902648136e-07,0.9144012220013258,0,0.17753947661382266
28,10,Lauren Alaina,rank,0.20178419389762456,0.16853249632612083,3.67680816925075e-05,0.9302590771967709,0,0.21951129282691528
28,2,Mary Wilson,rank,0.02774275106841678,0.0217999698571029,1.8787545259587924e-06,0.17735818165990241,1,0.02774275106841678
28,2,Ray Lewis,rank,0.09709587150260485,0.07933140248550134,4.362390705272774e-06,0.5898213620195852,0,0.09709587150260485
28,2,Sailor Brinkley-Cook,rank,0.08981675332338757,0.07725264209671628,6.5380064348e-06,0.580492831464777,0,0.08981675332338757
28,4,Sailor Brinkley-Cook,rank,0.10183443005613367,0.12502950750744418,3.700744333372022e-12,0.8688431778850458,0,0.10698486294159629
28,6,Sailor Brinkley-Cook,rank,0.03432071537816346,0.007918237174420634,1.2283774339683114e-11,0.0583805042010288,1,0.005386266230461939
28,2,Sean Spicer,rank,0.09244573282551491,0.07838888618407511,7.7513735068069e-06,0.707602989803631,0,0.09244573282551491
28,4,Sean Spicer,rank,0.11478346027780786,0.13257907011078177,1.635435372650304e-09,0.8881718102958949,0,0.12435677204307628
28,6,Sean Spicer,rank,0.1735956219908466,0.15565939253614333,8.433156720656155e-06,0.8575906246011921,0,0.1988008341535775
28,7,Sean Spicer,rank,0.22578197191582824,0.16403039413865603,7.361628741257656e-05,0.9056524576959228,0,0.24814755045510611
28,8,Sean Spicer,rank,0.2673741356852472,0.1769597847394677,9.280641574591654e-05,0.938209928217242,0,0.28519934872928393
28,9,Sean Spicer,rank,0.19514046768855575,0.11397969299909858,0.0005070772358704521,0.9291416444864724,1,0.16418318140425944
29,2,AJ McLean,rank,0.06735330169251326,0.06225096467942541,8.978189075566989e-07,0.5367949967903768,0,0.06735330169251326
29,3,AJ McLean,rank,0.07003975037318383,0.10495274429214078,6.777180387336637e-16,0.8619152816483516,0,0.07119108552204265
29,4,AJ McLean,rank,0.0724853255312118,0.10736681260034962,1.219987377760472e-15,0.8001423317950295,0,0.07353342917036665
29,5,AJ McLean,rank,0.07564903741049626,0.10931867014034731,1.1521286346931584e-12,0.8792325433526119,0,0.07700491393018961
29,6,AJ McLean,rank,0.07929844850484634,0.11046450749362813,1.8666741294994382e-13,0.7989128982686254,0,0.08086248183099638
29,7,AJ McLean,rank,0.09055000297690484,0.11811888822934552,2.277758070244031e-11,0.8409832083947671,0,0.0953720977506442
29,8,AJ McLean,rank,0.12082602204886148,0.13440503514117896,3.752731673491326e-09,0.8541746590366258,0,0.13380145879398575
29,9,AJ McLean,rank,0.069984967619285,0.046221425747432945,3.812990578419072e-09,0.36579208400014707,1,0.048195944292323635
29,2,Anne Heche,rank,0.0688035226984921,0.06269144258152819,2.040303390467269e-06,0.5065306255743928,0,0.0688035226984921
29,3,Anne Heche,rank,0.08005324763225255,0.1118239200881256,8.777399808602654e-16,0.8548078366286884,0,0.0848745583181499
29,4,Anne Heche,rank,0.028408697440916418,0.009545721031525942,1.4361596333770534e-11,0.10006673209584281,1,0.00627531878748665
29,2,Carole Baskin,rank,0.07229535961478538,0.0632503378695559,3.4129358927023366e-06,0.5293509001095574,0,0.07229535961478538
29,3,Carole Baskin,rank,0.028015696762839912,0.014156909328790197,2.798325119042e-13,0.17245725170179163,1,0.009038698397720426
29,2,Charles Oakley,rank,0.023446127316951258,0.017810249945513553,1.429881901614891e-07,0.12819519117066963,1,0.023446127316951258
29,2,Chrishell Stause,rank,0.06756687430092556,0.062497261313490114,3.058670563156997e-06,0.5954781920296794,0,0.06756687430092556
29,3,Chrishell Stause,rank,0.07015036473759478,0.10442604895691476,1.3828917338354569e-13,0.7967109338223815,0,0.07125757492473875
29,4,Chrishell Stause,rank,0.075588814332897,0.10749259797628152,9.51772963716443e-12,0.7737189667126715,0,0.07791957844516939
29,5,Chrishell Stause,rank,0.08715742670797336,0.11655860494737955,1.1299496707896624e-13,0.8510440697372289,0,0.09211540344014894
29,6,Chrishell Stause,rank,0.10369928825093794,0.12485698032557892,2.724672148367747e-10,0.9278808450695024,0,0.11078865748363706
29,7,Chrishell Stause,rank,0.11600281385938993,0.13293575367579666,6.165516545580034e-09,0.8935889014156909,0,0.12127575340586937
29,8,Chrishell Stause,rank,0.060908645832953134,0.03602878137530341,7.01109403822059e-08,0.2801004099962547,1,0.0372968595359088
29,2,Jeannie Mai,rank,0.06973164708916878,0.063888984906565,2.0995427570719884e-06,0.5552302538652956,0,0.06973164708916878
29,3,Jeannie Mai,rank,0.07244655632034346,0.10633579653550727,5.385812918309528e-16,0.7745468080907921,0,0.07361008884798975
29,4,Jeannie Mai,rank,0.08728640103974718,0.11547789727544383,4.155159406749185e-13,0.8707855904880187,0,0.0936463344909202
29,5,Jeannie Mai,rank,0.09970498949496272,0.12307797739873341,7.465956130093804e-11,0.914354181623929,0,0.1050272416900551
29,6,Jeannie Mai,rank,0.10912185486703316,0.127302168720579,2.0755312010419466e-09,0.8737167712343834,0,0.11315765431220622
29,7,Jeannie Mai,rank,0.12190226916213523,0.1330667450990795,2.359370987065537e-11,0.8973931445545281,0,0.12737958957432186
29,2,Jesse Metcalfe,rank,0.06848219463073366,0.06413740046633955,1.4505421171495112e-06,0.5795248426935091,0,0.06848219463073366
29,3,Jesse Metcalfe,rank,0.07299935292967094,0.10670579666926888,8.490278079411871e-18,0.8264033127960245,0,0.07493527791492978
29,4,Jesse Metcalfe,rank,0.08448424109630506,0.11254675032468613,4.738102438947634e-13,0.8376636772843715,0,0.08940633602486255
29,5,Jesse Metcalfe,rank,0.040808233652209744,0.028648622079036776,2.9414501967614024e-11,0.3413508724693395,1,0.022089944747597467
29,2,Johnny Weir,rank,0.06836922584891628,0.062404724070395046,2.642446652808999e-06,0.5494644926135339,0,0.06836922584891628
29,3,Johnny Weir,rank,0.07113723788583563,0.10589021380490823,2.0793422812093327e-14,0.8280056408937502,0,0.07232352875880108
29,4,Johnny Weir,rank,0.07250247120279245,0.10425201972315763,3.4912886629966655e-15,0.7754868685107998,0,0.07308757119577394
29,5,Johnny Weir,rank,0.07483298852350256,0.10780979158921486,3.50477248278236e-13,0.8647899808747916,0,0.07583178166094975
29,6,Johnny Weir,rank,0.08936192365347813,0.11557727976193227,2.505717807528564e-13,0.8558833617242252,0,0.09558861013775338
29,7,Johnny Weir,rank,0.09809268422661369,0.12372994495882593,5.897530391930474e-12,0.8872693533513684,0,0.1018344387579575
29,8,Johnny Weir,rank,0.11751829864477115,0.1368424670099413,1.0922464309789336e-08,0.862070929719976,0,0.12584356196683863
29,9,Johnny Weir,rank,0.12880877603343485,0.13921319440614677,3.973508380505169e-09,0.8538269442911892,0,0.13364755205714787
29,10,Johnny Weir,rank,0.09028120655736721,0.0684668777587709,1.8853510210391592e-07,0.4157398925187724,1,0.07376939106762395
29,2,Justina Machado,rank,0.06809490546626674,0.06255751266964844,1.2284918274075648e-06,0.476434261545927,0,0.06809490546626674
29,3,Justina Machado,rank,0.07427788526701616,0.1068833459674975,1.0620710110777769e-16,0.8819869612097119,0,0.07692773375305163
29,4,Justina Machado,rank,0.07852985358120311,0.11037992224618175,3.141011166345257e-10,0.8000198804289321,0,0.08035212571585466
29,5,Justina Machado,rank,0.08354567590973552,0.1135817238701531,1.4855059652763595e-11,0.8723670033235121,0,0.08569531405053514
29,6,Justina Machado,rank,0.08755656318538958,0.11508066391746188,6.910681508665275e-12,0.8149571052521598,0,0.08927551487495561
29,7,Justina Machado,rank,0.09371749195095629,0.11998611806944584,2.9440867205612e-10,0.8300788508213608,0,0.09635788999334201
29,8,Justina Machado,rank,0.11098435649857721,0.12958560368406039,3.1679769597776482e-09,0.9025972448121939,0,0.11838444130470048
29,9,Justina Machado,rank,0.13599886358955846,0.14279793616601225,1.465522019937897e-08,0.9071534300127871,0,0.14671936662855042
29,10,Justina Machado,rank,0.19566129395973772,0.14459592242130576,0.0013145591583359397,0.9220106608460502,0,0.22123090697552886
29,2,Kaitlyn Bristowe,rank,0.06748042917118884,0.06292554996441539,7.215512653410307e-06,0.49562853438722193,0,0.06748042917118884
29,3,Kaitlyn Bristowe,rank,0.07022390495637842,0.10483520699353997,3.6408865222212256e-13,0.8587721998155292,0,0.07139968029288826
29,4,Kaitlyn Bristowe,rank,0.07302154746340242,0.10695078769261662,2.6944559934659084e-15,0.8063838647035122,0,0.07422053710926986
29,5,Kaitlyn Bristowe,rank,0.07576084857497359,0.1092112592449458,2.7720907928213183e-13,0.8343862950545554,0,0.07693483476564696
29,6,Kaitlyn Bristowe,rank,0.07847237932099774,0.11076863181033737,1.5869332605054042e-14,0.8718755368160602,0,0.07963446392643667
29,7,Kaitlyn Bristowe,rank,0.09146520009894597,0.12073361892920859,1.2928568214514998e-15,0.9189201139592216,0,0.0970335518609238
29,8,Kaitlyn Bristowe,rank,0.11741014415651238,0.13534360851081037,1.9921813881761825e-08,0.9106943514384548,0,0.1285294058954694
29,9,Kaitlyn Bristowe,rank,0.13230889868785678,0.14236082660772534,7.345332259817645e-08,0.866207373978259,0,0.1386940792012901
29,10,Kaitlyn Bristowe,rank,0.1517085324839119,0.14405371794081678,3.011933616962747e-07,0.9010187383965687,0,0.1600226612536498
29,2,Monica Aldama,rank,0.07440143337492307,0.06444285334138036,5.464961728702686e-07,0.5493641365458768,0,0.07440143337492307
29,3,Monica Aldama,rank,0.07820264124955906,0.1103462441303998,3.6130777898126477e-12,0.8839766895202082,0,0.07983173033868877
29,4,Monica Aldama,rank,0.08182598844331075,0.11210858434860288,8.381565639723076e-12,0.8036155251556073,0,0.0833788515263472
29,5,Monica Aldama,rank,0.08573571851600507,0.11684508546508224,3.6838562161460154e-13,0.9116539432357939,0,0.08741131711858836
29,6,Monica Aldama,rank,0.08976350245782061,0.11728543660538088,1.3856087919197226e-10,0.8124182777791081,0,0.09148969557574156
29,7,Monica Aldama,rank,0.043347794517084995,0.029308802794001495,9.457361962066341e-11,0.3005827256944169,1,0.02345534825676973
29,2,Nelly,rank,0.0696935971858623,0.06307273677340551,1.182441544739033e-05,0.5186566009564819,0,0.0696935971858623
29,3,Nelly,rank,0.07740183923579125,0.10890121109262822,3.380818107304177e-14,0.8328961847839087,0,0.08070537154290365
29,4,Nelly,rank,0.09234783192980257,0.11641953855882463,1.0894010997284264e-09,0.8049864101798029,0,0.09875325737009316
29,5,Nelly,rank,0.09996378739781761,0.12347922959734392,1.2269610159178142e-10,0.8915508320375868,0,0.10322776831268121
29,6,Nelly,rank,0.11022979353883638,0.1287631460715515,7.9127396913462e-09,0.8645976915192767,0,0.11462951045641587
29,7,Nelly,rank,0.11773302518187169,0.13253392559453683,7.871517376480925e-10,0.9138388819050414,0,0.12094869588602969
29,8,Nelly,rank,0.15576043201862066,0.14978341724894567,1.7140163545267923e-06,0.879912243052764,0,0.1720578920915131
29,9,Nelly,rank,0.19090506956001196,0.15907095142494476,3.6477691671226018e-06,0.9221597366251922,0,0.2059670570777511
29,10,Nelly,rank,0.2967644553973262,0.15399071014113394,0.008454517322066936,0.9250720267768124,0,0.34213276361331807
29,2,Nev Schulman,rank,0.06713059140769095,0.06253540154621506,2.714949227881423e-06,0.48807188168449767,0,0.06713059140769095
29,3,Nev Schulman,rank,0.06940208049390607,0.1028444152423095,1.445092373070557e-19,0.8697969683352387,0,0.0703755758165697
29,4,Nev Schulman,rank,0.07128212789074968,0.10428479239902307,1.5970064613163466e-12,0.9089732444369831,0,0.07208786248939694
29,5,Nev Schulman,rank,0.07404712622258122,0.10838881877166631,5.023012834087774e-13,0.8874159602206049,0,0.07523212550765189
29,6,Nev Schulman,rank,0.07791316140592969,0.1102265341555286,5.655203765504711e-12,0.8381603701459422,0,0.07957003362736474
29,7,Nev Schulman,rank,0.08294633232486813,0.11454613334461387,1.3911353672584691e-11,0.9083755927898043,0,0.08510340557584176
29,8,Nev Schulman,rank,0.09774592400175557,0.12467176995800232,2.5445576316194583e-11,0.8487355787609974,0,0.10408860614899304
29,9,Nev Schulman,rank,0.11387684755362457,0.13083489935331974,3.075914795973128e-11,0.8845650389648662,0,0.12079010050442558
29,10,Nev Schulman,rank,0.12649668980654447,0.13466577737082708,1.7539965099231704e-07,0.8539948212737251,0,0.13190519362922445
29,2,Skai Jackson,rank,0.0746009715080847,0.0649761681916782,1.898265233610101e-06,0.5339104290164965,0,0.0746009715080847
29,3,Skai Jackson,rank,0.08357176015477814,0.11270295548325068,4.082685138842319e-13,0.8538893266013995,0,0.08741638386050392
29,4,Skai Jackson,rank,0.0871866906522116,0.11530259244706727,7.019100033075286e-11,0.8822192699131773,0,0.08873594657968309
29,5,Skai Jackson,rank,0.09399658098865063,0.118758315290493,8.54017967123071e-13,0.8446130671889938,0,0.09691510541855308
29,6,Skai Jackson,rank,0.11555729409867593,0.13245159577747045,9.59688530743551e-10,0.8685771314310731,0,0.12479759971725823
29,7,Skai Jackson,rank,0.12653464848641174,0.1366177068435301,7.785390095446718e-09,0.8974146417536097,0,0.13123922893829854
29,8,Skai Jackson,rank,0.16395883652973625,0.14897385714076544,1.9008325008733177e-06,0.9165188802196971,0,0.1799977742625896
29,9,Skai Jackson,rank,0.19337778112587922,0.15853526684825875,1.2686591228061924e-05,0.929574762686658,0,0.2059859002385119
29,10,Skai Jackson,rank,0.10767069276022248,0.05409559949294761,6.595182857915128e-06,0.31084922923845276,1,0.07093908346065532
29,2,Veron Davis,rank,0.07254981869349493,0.06496978557849149,4.463572679617089e-06,0.5401753092138024,0,0.07254981869349493
29,3,Veron Davis,rank,0.07504384380576357,0.10859040082937158,1.5687339363516155e-14,0.876545543043169,0,0.07611271171102156
29,4,Veron Davis,rank,0.08453514890807118,0.11444192644299159,5.773548646486012e-12,0.9106020379163909,0,0.08860285109477445
29,5,Veron Davis,rank,0.09712051922260297,0.1229750687693715,9.846528320936374e-12,0.859266495804897,0,0.10251424935740232
29,6,Veron Davis,rank,0.04328020040684376,0.024455890804003278,3.026511173962569e-11,0.2141454086171127,1,0.02020577805723267
30,2,Amanda Kloots,rank,0.06765351624655758,0.06266252669854583,3.5097523028446457e-07,0.542395996455462,0,0.06765351624655758
30,3,Amanda Kloots,rank,0.059384791557647656,0.09684674285091714,3.9181569024824145e-14,0.8330401174166278,0,0.0558410524052577
30,4,Amanda Kloots,rank,0.06139400723105371,0.09989552477136616,6.577527595655161e-15,0.7425641531934222,0,0.062255099662513455
30,5,Amanda Kloots,rank,0.06300073666152464,0.09942211882004696,3.075106081366785e-13,0.8809687827602819,0,0.06368933498886935
30,6,Amanda Kloots,rank,0.0643039075980592,0.10025985549911944,4.502958786013795e-16,0.8512416450704962,0,0.0648624094280026
30,7,Amanda Kloots,rank,0.07552264864439324,0.11451118447260422,1.6708766857858497e-15,0.8603921802059251,0,0.08033068052139355
30,8,Amanda Kloots,rank,0.08897038672763039,0.11841725281729239,9.730591582772846e-11,0.849246108711058,0,0.09473370304901774
30,9,Amanda Kloots,rank,0.10568466516094141,0.11678095721548848,2.162268094060101e-10,0.8626466160174397,0,0.11284792734664616
30,2,Brian Austin Green,rank,0.07408909878110809,0.0639838387354685,5.239427975377967e-07,0.5778692846682726,0,0.07408909878110809
30,3,Brian Austin Green,rank,0.09387820954687652,0.1107387246391256,6.4256255778682954e-12,0.6681776409508675,0,0.10235925701792015
30,4,Brian Austin Green,rank,0.04380184849567684,0.027358664349778312,6.326119365563446e-11,0.24842722721211008,1,0.022340550902305554
30,2,Christine Chiu,rank,0.07060440985939322,0.06417315105348927,2.415430953880962e-06,0.5943806304700847,0,0.07060440985939322
30,3,Christine Chiu,rank,0.021762393382298247,0.0022699789269830105,5.595401896389685e-13,0.03223512930953919,1,0.000830100606400406
30,2,Cody Rigsby,rank,0.07214514648233186,0.06311475562506931,2.903836029991062e-06,0.5021222017963178,0,0.07214514648233186
30,3,Cody Rigsby,rank,0.10568257723846357,0.12204839286833087,1.3705794379387845e-10,0.8714582572840818,0,0.12005576184823431
30,4,Cody Rigsby,rank,0.14197560282801014,0.13955349840557107,6.64470450456174e-05,0.8263499227114428,0,0.15752975665210153
30,5,Cody Rigsby,rank,0.16915299050682753,0.15161679725351526,2.101588666806824e-06,0.9038256231795552,0,0.18080044236917786
30,6,Cody Rigsby,rank,0.18200186804165092,0.15840934318842548,1.7861252485469504e-06,0.9235201417071821,0,0.18750852984228952
30,7,Cody Rigsby,rank,0.19657819643697594,0.1629034938738385,8.566052177756187e-06,0.9213903802525042,0,0.20282519432068669
30,8,Cody Rigsby,rank,0.22692339335055817,0.16534629349557228,0.0005155554706112286,0.9300759031226227,0,0.23992847774209342
30,9,Cody Rigsby,rank,0.32998639280968595,0.16115976683183944,0.01216665275018818,0.9256161924446403,0,0.3741562497207407
30,2,Iman Shumpert,rank,0.06908540084293163,0.06322541163230383,1.0436812313174638e-06,0.5194255217799505,0,0.06908540084293163
30,3,Iman Shumpert,rank,0.10257143919210474,0.12296769360928471,8.071067569892652e-09,0.8095730431342336,0,0.11692259848460751
30,4,Iman Shumpert,rank,0.12689119423719844,0.13490574871195277,1.4899946404120544e-07,0.8259718871804167,0,0.13731394639938146
30,5,Iman Shumpert,rank,0.15465038958170782,0.1489001956792402,1.0421961871881391e-07,0.8901112931870941,0,0.16654718758649759
30,6,Iman Shumpert,rank,0.1666967076626038,0.1533226967678264,3.5512543068078634e-06,0.9382543343003483,0,0.17185941541155925
30,7,Iman Shumpert,rank,0.18727932339793762,0.15796374347928546,3.546087486492683e-06,0.9514667119831061,0,0.19610044442736643
30,8,Iman Shumpert,rank,0.25014660768496827,0.1607228677575057,0.0014867308130493185,0.9420263722845946,0,0.2770897295222671
30,9,Iman Shumpert,rank,0.28510344244878727,0.17340530739862225,0.00371996250097969,0.9584352847845433,0,0.30008494306185257
30,2,Jimmie Allen,rank,0.06803110022230836,0.06293179342522533,1.7446354108721395e-06,0.5328667951573395,0,0.06803110022230836
30,3,Jimmie Allen,rank,0.07748439175505073,0.10590908504995708,3.203193408665005e-08,0.7957430516678812,0,0.08153580241194033
30,4,Jimmie Allen,rank,0.08941754771731167,0.11656458756631276,5.752039622570548e-10,0.8844627263729112,0,0.09453175741542351
30,5,Jimmie Allen,rank,0.09828728000570093,0.12048656095685284,7.153053248300439e-11,0.84872210961398,0,0.10208859384358206
30,6,Jimmie Allen,rank,0.10449960580633297,0.1254927944534037,7.480769328498577e-10,0.8858878847917382,0,0.107162031149461
30,7,Jimmie Allen,rank,0.11290471364376409,0.13217794237585087,1.4074099630362107e-09,0.9016030297456055,0,0.11650690271694886
30,8,Jimmie Allen,rank,0.07266283722987063,0.05652421821525,1.4786327630840585e-08,0.3796957319551156,1,0.05541631876677345
30,2,JoJo Siwa,rank,0.06810769790894318,0.06248844813830619,9.36439076171788e-07,0.556260218399727,0,0.06810769790894318
30,3,JoJo Siwa,rank,0.060837166883998595,0.09759552388057183,2.462111713957099e-12,0.805901771992962,0,0.0577212250161652
30,4,JoJo Siwa,rank,0.0638684102772188,0.10217673189956897,1.442561453504566e-18,0.7935325004363369,0,0.0651675145885989
30,5,JoJo Siwa,rank,0.06567913441224743,0.10079380850206218,1.6543056255206342e-15,0.8573754758483553,0,0.0664551590415454
30,6,JoJo Siwa,rank,0.0680871399502377,0.10431841326505163,1.7080275403153612e-13,0.8522615489307951,0,0.0691191423236621
30,7,JoJo Siwa,rank,0.07095998096645238,0.10737546192853323,2.4480119480461063e-16,0.8350999792119763,0,0.07219119854483011
30,8,JoJo Siwa,rank,0.08677734286214217,0.11636642233138306,1.6907641045321314e-11,0.8728025401778168,0,0.09355621224600921
30,9,JoJo Siwa,rank,0.09946131206708521,0.12073287551264202,4.528465395978809e-09,0.8317527409560725,0,0.10489729886920367
30,2,Kenya Moore,rank,0.07107283924808509,0.06340732848692515,3.109184971381375e-06,0.4881046172962225,0,0.07107283924808509
30,3,Kenya Moore,rank,0.07005906654418259,0.10332714822942826,3.937686348123636e-11,0.7978758102916508,0,0.0696245925282244
30,4,Kenya Moore,rank,0.09570379413054496,0.11726769214992011,1.8136096369770186e-07,0.8788761387073443,0,0.10669439166755741
30,5,Kenya Moore,rank,0.10572977277320689,0.12680261872767476,2.363423026060601e-10,0.9017161607564423,0,0.11002662076291916
30,6,Kenya Moore,rank,0.04896270871633059,0.02948305684217365,3.640748699657363e-10,0.2783596465130401,1,0.024633966977669324
30,2,Martin Kove,rank,0.024871900562847125,0.01907118606702946,1.2787024186247336e-06,0.18047994146058247,1,0.024871900562847125
30,2,Matt James,rank,0.0742487582839748,0.063647177591939,7.79881775988821e-06,0.5861440363328463,0,0.0742487582839748
30,3,Matt James,rank,0.09351849905647633,0.1196806398949873,2.8759016434834063e-09,0.8454308703456102,0,0.10177695938754842
30,4,Matt James,rank,0.03888766100118845,0.020086904915013686,2.507305493479061e-11,0.162735074915681,1,0.015474444691779358
30,2,Melanie C,rank,0.06722196093183269,0.06217794381806115,1.9223543903317705e-06,0.5210940273987967,0,0.06722196093183269
30,3,Melanie C,rank,0.05752914887451786,0.08735328072047747,9.559614174542772e-13,0.6011088529628432,0,0.05337508656424008
30,4,Melanie C,rank,0.05896231321379519,0.0947511078026262,1.3390394857508616e-16,0.7201080072831297,0,0.059576526502056915
30,5,Melanie C,rank,0.020450370319741392,0.007393171213482148,1.5235078608567394e-17,0.07740299724104209,1,0.0039452519365754815
30,2,Melora Hardin,rank,0.06848273218603494,0.06317662917490377,5.027066224119116e-06,0.4982163916434759,0,0.06848273218603494
30,3,Melora Hardin,rank,0.06005704827606078,0.09548878311381669,1.6106070987082321e-09,0.876902273331868,0,0.05644604088607186
30,4,Melora Hardin,rank,0.061868029967672586,0.10220866038190399,4.434109463271041e-14,0.8260453346179476,0,0.06264416497836336
30,5,Melora Hardin,rank,0.06322749920375983,0.09917686163985216,1.9950023088040126e-14,0.8774339156413925,0,0.06381012887636867
30,6,Melora Hardin,rank,0.07651858674663604,0.1110500295113531,8.04693605500445e-15,0.8954240663863844,0,0.08221476712215443
30,7,Melora Hardin,rank,0.08517523538935058,0.11706775538146003,9.757975130354086e-15,0.8778890537060586,0,0.08888522766479967
30,8,Melora Hardin,rank,0.09538239069412843,0.12202367043330403,2.2858016758199195e-10,0.8926354890262701,0,0.09975688582474752
30,9,Melora Hardin,rank,0.08211016473970574,0.07324730243170392,3.553525236216669e-09,0.4596642322052841,1,0.07642206790209602
30,2,"Mike ""The Miz"" Mizanin",rank,0.06814104828222112,0.06270477431128726,1.5429734750922685e-06,0.4583110049511949,0,0.06814104828222112
30,3,"Mike ""The Miz"" Mizanin",rank,0.06477412877881596,0.09943264133271332,1.4721195930936616e-08,0.7020277417435223,0,0.0633311632773566
30,4,"Mike ""The Miz"" Mizanin",rank,0.07684222701302143,0.10863129375374532,5.970287915724615e-12,0.7926721833732583,0,0.08201426911339522
30,5,"Mike ""The Miz"" Mizanin",rank,0.09446693339985943,0.11800084886290758,2.8113816665087333e-10,0.8572741348634213,0,0.10202037899421858
30,6,"Mike ""The Miz"" Mizanin",rank,0.11811727491449021,0.13014002702167363,6.729649890461547e-10,0.8413014234378049,0,0.1282531355636177
30,7,"Mike ""The Miz"" Mizanin",rank,0.07491082253930532,0.059175401239103226,2.4702883236708312e-08,0.7490732346292756,1,0.05639377152136894
30,2,Olivia Jade,rank,0.06810226899411563,0.062345765306228935,1.5991244386939727e-08,0.5168029242946086,0,0.06810226899411563
30,3,Olivia Jade,rank,0.059965510122009444,0.09634310920177451,3.171163357297431e-13,0.7642253593793276,0,0.05647832774824966
30,4,Olivia Jade,rank,0.06240124880304566,0.10049219546277366,9.383451181416699e-21,0.7674993849295771,0,0.06344513680920404
30,5,Olivia Jade,rank,0.06659079633922507,0.10189525611238895,9.27207022048895e-15,0.8025160979553622,0,0.0683863167118734
30,6,Olivia Jade,rank,0.07425713425948224,0.10905675681162752,5.630529777016075e-14,0.8511740120868599,0,0.07754270765387819
30,7,Olivia Jade,rank,0.08006347214695766,0.1143897365522869,7.115822433886167e-15,0.8213637515075485,0,0.08255190267016142
30,8,Olivia Jade,rank,0.03764344994705764,0.025908645396480162,3.829715304454222e-12,0.20410054035831215,1,0.019463440432814776
30,2,Suni Lee,rank,0.06814212116731491,0.06323190278812248,4.507441925464576e-06,0.5308040467268463,0,0.06814212116731491
30,3,Suni Lee,rank,0.06503405862264282,0.09562992642695116,1.235112548374352e-09,0.7588655343709535,0,0.06370203181778336
30,4,Suni Lee,rank,0.06921892601891608,0.10614633039488593,2.5889080386529023e-13,0.821461936133886,0,0.07101244061731891
30,5,Suni Lee,rank,0.07132708722753604,0.10428147666835365,1.715101963245486e-12,0.8161169620785266,0,0.07223058488837318
30,6,Suni Lee,rank,0.0821888523376537,0.11394080106803077,3.708422872404155e-13,0.8523563736722638,0,0.08684389452770414
30,7,Suni Lee,rank,0.09760693003000734,0.12457935007733277,3.0449476399308533e-12,0.8707522582623866,0,0.1042146776124446
30,8,Suni Lee,rank,0.11332074170039531,0.13271413076757,8.207217435591186e-09,0.9095976022568188,0,0.12005523241627587
30,9,Suni Lee,rank,0.05611028167974375,0.03466310926990389,4.0697714130704734e-08,0.22200422945197992,1,0.031591513099464515
31,1,Charli D'Amelio,rank,0.06354738741038278,0.05946356118371597,2.1926967525042936e-06,0.5092706955322998,0,0.06354738741038278
31,2,Charli D'Amelio,rank,0.0657386918698544,0.10144239515470224,3.7874277332535523e-13,0.8704895887947739,0,0.0666778223524851
31,3,Charli D'Amelio,rank,0.06890714928188213,0.10573897639744359,4.066245024587044e-18,0.8714370192349147,0,0.0702650596013226
31,4,Charli D'Amelio,rank,0.07162413359508091,0.10616816489192106,3.831545563571968e-14,0.8929788932520121,0,0.07278855544359467
31,5,Charli D'Amelio,rank,0.07510806363243876,0.10879940417858623,1.855857650720235e-13,0.8698650911933169,0,0.07660117650559213
31,6,Charli D'Amelio,rank,0.08304742701718182,0.11551488687564836,5.068034496405174e-12,0.867311008925946,0,0.08645001132492885
31,7,Charli D'Amelio,rank,0.08937856257908411,0.12004858246540501,3.6855723719433626e-11,0.8464175414589784,0,0.09209190639132796
31,8,Charli D'Amelio,rank,0.09943251343531224,0.12933097928144113,1.4778809855273355e-09,0.848368918973163,0,0.10374134951655288
31,9,Charli D'Amelio,rank,0.11691018841175099,0.15039463742311293,3.6571085623084094e-09,0.8645151124657559,0,0.12440062054451045
31,1,Cheryl Ladd,rank,0.0664655286735723,0.05914751318093555,8.73183138810731e-08,0.5083591485695255,0,0.0664655286735723
31,2,Cheryl Ladd,rank,0.07661493964887978,0.10895185281919093,3.950433428450974e-15,0.8066047266038758,0,0.08096468720972584
31,3,Cheryl Ladd,rank,0.029877671089062842,0.014453543275231571,4.687012148731098e-12,0.1441848161874451,1,0.00984741313485559
31,1,Daniel Durant,rank,0.06462010870723767,0.06018412834410292,5.456040107126453e-06,0.5048029716060429,0,0.06462010870723767
31,2,Daniel Durant,rank,0.06624496312694252,0.10255133949119333,8.600853707535572e-15,0.8135747394586341,0,0.06694132930681602
31,3,Daniel Durant,rank,0.06821238678259038,0.10243180279777149,9.598719738712246e-16,0.7939088266004102,0,0.06905556834929662
31,4,Daniel Durant,rank,0.07845410350715812,0.10937267271982073,3.04550257356731e-14,0.8355412821076302,0,0.08284341067483002
31,5,Daniel Durant,rank,0.09423059160048657,0.11931318757846904,1.0389514393861493e-10,0.7824294775799405,0,0.10099194364048449
31,6,Daniel Durant,rank,0.12299878554573805,0.13606598315531307,1.8119808169468374e-09,0.8748375826580992,0,0.13532801152227442
31,7,Daniel Durant,rank,0.14025427101864457,0.14384084358229024,8.882102438512263e-08,0.8927450785639652,0,0.14764947907846165
31,8,Daniel Durant,rank,0.2052581817929312,0.1493875641852338,5.148519853962024e-05,0.8905666800208092,0,0.23311700069619692
31,9,Daniel Durant,rank,0.14165818523040885,0.08282191964362336,0.00021479904080006726,0.6967602295838994,1,0.11440104384647072
31,1,Gabby Windey,rank,0.06360823364706993,0.05851827667652084,6.855366474385714e-06,0.4519293067400895,0,0.06360823364706993
31,2,Gabby Windey,rank,0.06575629518335799,0.10066742149491227,2.7550674180794895e-16,0.746775352033681,0,0.0666768929846243
31,3,Gabby Windey,rank,0.06820422941325222,0.10409124396252632,2.2186514371079546e-14,0.9304796984702612,0,0.06925334408320688
31,4,Gabby Windey,rank,0.07096706633284539,0.10615111666007662,1.015629252867028e-17,0.8710441105619415,0,0.07215113929838532
31,5,Gabby Windey,rank,0.07413101682669043,0.10827782027007772,5.897294100022192e-13,0.8645247131672471,0,0.07548699560976688
31,6,Gabby Windey,rank,0.08166363006410446,0.11348877372494959,5.531709371096267e-15,0.8555558365327366,0,0.08489189288013906
31,7,Gabby Windey,rank,0.09484629523449385,0.12155384914323633,3.640565219544817e-10,0.8347318555743791,0,0.10049600887894646
31,8,Gabby Windey,rank,0.112640939298385,0.13281629029796624,8.047406292660565e-09,0.8445692284808666,0,0.12026721532576694
31,9,Gabby Windey,rank,0.14464847510250706,0.1587571937210507,3.6670294897454074e-09,0.8882825774473441,0,0.1583659904471308
31,1,Heidi D'Amelio,rank,0.06376339844818715,0.05881669537395544,6.905958706430493e-07,0.4472122706176502,0,0.06376339844818715
31,2,Heidi D'Amelio,rank,0.06558101663355077,0.09953695646408017,1.2605943432975851e-14,0.8003714343445495,0,0.06635999585584947
31,3,Heidi D'Amelio,rank,0.06806266943762729,0.10362891472742375,1.8771376177216344e-16,0.9132236242038013,0,0.06912623492508865
31,4,Heidi D'Amelio,rank,0.07023984501236641,0.10422321398973584,4.037169555586678e-18,0.9245291955660648,0,0.07117292025868319
31,5,Heidi D'Amelio,rank,0.07357947979443517,0.1068116899870407,7.097437208844042e-17,0.8613819170230748,0,0.07501075184389322
31,6,Heidi D'Amelio,rank,0.08210108095262934,0.11334538661193175,9.152442180138755e-12,0.8754288384037385,0,0.08575319573471256
31,7,Heidi D'Amelio,rank,0.09748659158529108,0.12388355038451611,1.8859931579932587e-13,0.8863527209852184,0,0.10408038185643183
31,8,Heidi D'Amelio,rank,0.05318266253273164,0.039355915798624304,2.5975616915436787e-12,0.28622459689968205,1,0.034195264367349036
31,1,Jason Lewis,rank,0.019392334063542977,0.014933115944340776,1.5899840959424383e-06,0.09169570318029802,1,0.019392334063542977
31,1,Jessie James Decker,rank,0.06972583486202638,0.06023023585006794,4.576315327471201e-06,0.5003484257906501,0,0.06972583486202638
31,2,Jessie James Decker,rank,0.07684054079780872,0.10799804819156242,1.7095342537049348e-14,0.850415706193013,0,0.0798897004845726
31,3,Jessie James Decker,rank,0.08549537317338621,0.11372834573878883,1.900297649303715e-12,0.808027787414488,0,0.0892045870486337
31,4,Jessie James Decker,rank,0.09189926135948895,0.1179700757279434,7.697941470816429e-11,0.8256368866836449,0,0.0946437848678187
31,5,Jessie James Decker,rank,0.09873646247862064,0.1202047133592054,7.508696817201096e-10,0.9034340437980772,0,0.1016666915296771
31,6,Jessie James Decker,rank,0.048216087774469424,0.029778637654358286,1.1113427982472987e-09,0.28307808623774694,1,0.02656449861554747
31,1,Jordin Sparks,rank,0.06324494186400201,0.058906891540503534,7.405817617071176e-07,0.47052915074250684,0,0.06324494186400201
31,2,Jordin Sparks,rank,0.06828441944123836,0.10337685038661858,2.4383128152599145e-15,0.8251016992416759,0,0.07044419554576822
31,3,Jordin Sparks,rank,0.07314335845158175,0.10743301695890593,1.4669097990229106e-14,0.8411739047956893,0,0.07522576088458607
31,4,Jordin Sparks,rank,0.07700011726645503,0.10906840015328698,8.28035443377909e-15,0.823182973840399,0,0.07865301390140073
31,5,Jordin Sparks,rank,0.08888723773406806,0.11569984048929753,8.994158019918077e-15,0.7837367744213479,0,0.09398171793447364
31,6,Jordin Sparks,rank,0.1033342124855768,0.1272117436179629,9.002737990192155e-10,0.9124409011424114,0,0.10952577309336625
31,7,Jordin Sparks,rank,0.05280091566385728,0.0346484434099997,3.4589525766933064e-12,0.34628861852040876,1,0.031143788454548915
31,1,Joseph Baena,rank,0.06456805711370674,0.059212351108471444,1.1955852693686335e-06,0.48456352573172806,0,0.06456805711370674
31,2,Joseph Baena,rank,0.07304046816905946,0.10536955709072005,6.669805248745352e-18,0.7905044580873669,0,0.07667150147849633
31,3,Joseph Baena,rank,0.07791134480175178,0.11097399785436812,5.399123337351516e-14,0.9216928534897668,0,0.07999886335861993
31,4,Joseph Baena,rank,0.09143549707645042,0.11869038547848837,5.130876576163854e-13,0.9361333837292833,0,0.09723156233703556
31,5,Joseph Baena,rank,0.03639733278542009,0.01658180825408655,7.986669810876061e-12,0.13196938299741506,1,0.012809548089264235
31,1,Sam Champion,rank,0.06796053021553258,0.05958027472726085,6.568771545962757e-06,0.5737045943144702,0,0.06796053021553258
31,2,Sam Champion,rank,0.07396934695722669,0.10669780755316256,9.991194301975241e-15,0.8422972792929674,0,0.07654455413223846
31,3,Sam Champion,rank,0.08459614990373382,0.11375267301147178,2.832300722033201e-13,0.8669741390128037,0,0.08915049402366546
31,4,Sam Champion,rank,0.036313743594696475,0.020901144666413126,7.98443181153546e-13,0.26724727603378534,1,0.01562128374796619
31,1,Selma Blair,rank,0.06391923427683958,0.059782991170235965,2.0752072613571126e-07,0.5696102146341502,0,0.06391923427683958
31,2,Selma Blair,rank,0.06705326670027678,0.1037685118053855,2.8856321959909056e-14,0.8747463328901453,0,0.06839642345317845
31,3,Selma Blair,rank,0.07123166458611004,0.10387330364731567,1.2779355630845217e-14,0.8554231772956216,0,0.07302240653718144
31,4,Selma Blair,rank,0.07582059745125294,0.10868748804184167,8.269177203063587e-14,0.9040411389218097,0,0.07778728296488563
31,5,Selma Blair,rank,0.0805527464000632,0.11053307534658757,1.9232965061713204e-13,0.8283587696682184,0,0.0825808102352676
31,1,Shangela,rank,0.06318828410334305,0.058857819698331544,2.6127496433111006e-06,0.5140519439463648,0,0.06318828410334305
31,2,Shangela,rank,0.06563335342545468,0.10119275821491949,5.576132874448088e-17,0.8056784292684301,0,0.06668124027778823
31,3,Shangela,rank,0.06780807772938235,0.10194202536442706,2.82231192007973e-15,0.8897939244694217,0,0.06874010243106564
31,4,Shangela,rank,0.07107658704458925,0.10469427006846534,2.134149942251189e-16,0.7989011200195444,0,0.07247737675110649
31,5,Shangela,rank,0.07641958023691531,0.10999757760516508,1.0418483776399688e-13,0.8431962215271682,0,0.0787094344621979
31,6,Shangela,rank,0.08529714085260322,0.1167359931832525,3.656009252136975e-11,0.8055373849441321,0,0.08910180968789803
31,7,Shangela,rank,0.09629615977401121,0.12316282099475133,4.245970752615232e-11,0.8885647386911523,0,0.10101002502604323
31,8,Shangela,rank,0.10957162375287516,0.1330297335472849,5.611693379578311e-09,0.8778876489564699,0,0.11526110831524543
31,9,Shangela,rank,0.1628480483911299,0.15641105650472403,1.443814510720346e-07,0.8753669374725924,0,0.1856808018075248
31,1,Teresa Giudice,rank,0.06809897144327794,0.0587235385953223,4.72666661832175e-07,0.48193639141280914,0,0.06809897144327794
31,2,Teresa Giudice,rank,0.024150076304318657,0.009171441835762502,5.008697805548738e-20,0.11104062711531265,1,0.005314835530478963
31,1,Trevor Donovan,rank,0.06523453189745305,0.05935711587593593,2.3400915543807717e-06,0.4763069115084249,0,0.06523453189745305
31,2,Trevor Donovan,rank,0.06792604088873064,0.10407230885538804,1.2662819956496606e-14,0.8034928402475956,0,0.06907954474213532
31,3,Trevor Donovan,rank,0.07481520260047093,0.10709978649814048,4.9000935274587316e-15,0.8501365849705953,0,0.07776770047693106
31,4,Trevor Donovan,rank,0.09015526731943385,0.11812203046288682,3.220723493084932e-14,0.8362687754578075,0,0.09672958077041796
31,5,Trevor Donovan,rank,0.10296927671712096,0.12330641878896689,1.6455620206421076e-09,0.8867658927600819,0,0.10846099503041544
31,6,Trevor Donovan,rank,0.12732595116089895,0.1366913577903053,4.830800750101599e-10,0.9550523078693315,0,0.13776452592251812
31,7,Trevor Donovan,rank,0.14014235899959332,0.14347934970786186,8.622368524263207e-08,0.893533031404568,0,0.14563510521617662
31,8,Trevor Donovan,rank,0.18603280115277965,0.15303527552145801,2.0304938646713636e-05,0.8882953616086285,0,0.20570013350414523
31,9,Trevor Donovan,rank,0.17560912455641955,0.13709434193166498,2.1984355293770385e-05,0.8988505310070078,1,0.17114183458655097
31,1,Vinny Guadagnino,rank,0.06904234171781473,0.058202485250662156,1.4812589943941662e-06,0.4952304412889353,0,0.06904234171781473
31,2,Vinny Guadagnino,rank,0.07195607991665295,0.1060095140110571,6.145551164911182e-18,0.8908245151526365,0,0.0732048248590122
31,3,Vinny Guadagnino,rank,0.08445703314255648,0.1147227670338043,1.6807979232557142e-14,0.8606301314315695,0,0.08981458452508657
31,4,Vinny Guadagnino,rank,0.0925580024079395,0.11907274226409523,1.6412008212548595e-09,0.8909924933048422,0,0.09602984637881795
31,5,Vinny Guadagnino,rank,0.11020151882717551,0.12843424706460993,2.9322597638718743e-11,0.8594019430626972,0,0.11776302586399096
31,6,Vinny Guadagnino,rank,0.1378188931021754,0.14062934618141348,1.543382546854289e-08,0.8753770382801028,0,0.14965491064860395
31,7,Vinny Guadagnino,rank,0.16500313463707464,0.14995224655986944,7.95155523229821e-08,0.9334774359409619,0,0.1766535238663172
31,8,Vinny Guadagnino,rank,0.1027962025752436,0.06407891255114957,3.822307422187222e-06,0.5547304691706563,1,0.07613608883445887
31,1,Wayne Brady,rank,0.06362028155601265,0.05939479639550566,3.4224572548324144e-06,0.5024741075487055,0,0.06362028155601265
31,2,Wayne Brady,rank,0.06539280071758569,0.10127946444042409,3.849903284878459e-13,0.8672099511080773,0,0.06615245178683128
31,3,Wayne Brady,rank,0.0682873566495979,0.10471007654254552,2.1672168998610535e-15,0.8313182410463941,0,0.06952788062046028
31,4,Wayne Brady,rank,0.07079537681842023,0.10556149190701254,7.282021545891644e-14,0.7929314343656639,0,0.07187024260505838
31,5,Wayne Brady,rank,0.07439444952400809,0.10788360310366621,8.510376589583988e-14,0.7986422915043955,0,0.07593690925497432
31,6,Wayne Brady,rank,0.0887940942562094,0.11691160074707566,4.615181940663837e-11,0.8488813496603776,0,0.09496537057000996
31,7,Wayne Brady,rank,0.09750607513908303,0.12354447155246473,2.208677242180087e-11,0.888419793483866,0,0.10123978123174317
31,8,Wayne Brady,rank,0.10735911014992364,0.13373769229086876,7.387503527254894e-10,0.8479590239221957,0,0.11158183944028391
31,9,Wayne Brady,rank,0.20441452918244518,0.15724643386713996,3.6612689883458377e-09,0.8598289802981682,0,0.24600970876781159
32,1,Adrian Peterson,rank,0.07219203854412398,0.06688043554277573,6.1082986335937464e-06,0.6531357822428634,0,0.07219203854412398
32,2,Adrian Peterson,rank,0.08453660060207144,0.11330210784718701,5.439617130059025e-11,0.8405610228046826,0,0.08982712719833463
32,3,Adrian Peterson,rank,0.09865460787822207,0.12300566277884882,1.6447641706355658e-12,0.8480279530562361,0,0.10470518242514378
32,4,Adrian Peterson,rank,0.03467618545140133,0.010425037047047189,1.2320770413683843e-11,0.0810423724997786,1,0.007256861554192445
32,1,Alyson Hannigan,rank,0.08182577303316582,0.0677155540771109,5.814785029840364e-06,0.5397089699059271,0,0.08182577303316582
32,2,Alyson Hannigan,rank,0.08228684802674073,0.11060104252453547,2.9560674733159666e-13,0.7707177072647664,0,0.08248445159541569
32,3,Alyson Hannigan,rank,0.0893045870388221,0.11695794680219508,1.0242371402594473e-12,0.8305763551524179,0,0.09231218947257125
32,4,Alyson Hannigan,rank,0.1181405507540665,0.12945197651547125,1.772164024599755e-11,0.8122483606864058,0,0.13049882091774268
32,5,Alyson Hannigan,rank,0.14118706521433855,0.14011972397367545,4.261454808895596e-07,0.8414955198489003,0,0.15106414284016942
32,6,Alyson Hannigan,rank,0.17464235720892285,0.14792454772300287,2.515684001928738e-06,0.9060535545196038,0,0.1889803394923161
32,7,Alyson Hannigan,rank,0.20392147264313348,0.1561748925720628,0.0006227051587102611,0.8706155365948918,0,0.21646966497208092
32,8,Alyson Hannigan,rank,0.23005968800094834,0.16233927090912242,1.1864684999654652e-05,0.896477072172171,0,0.24126178029715473
32,9,Alyson Hannigan,rank,0.3190214664127411,0.18542377673294508,1.6696967426979055e-05,0.9752859608329029,0,0.357147942874938
32,1,Ariana Madix,rank,0.07196994822262107,0.06640460557034567,9.274280609623658e-06,0.6711879839501945,0,0.07196994822262107
32,2,Ariana Madix,rank,0.07341579123621216,0.10701585785407308,1.1801356830489232e-13,0.871124695647709,0,0.07403543824203691
32,3,Ariana Madix,rank,0.07590848304013671,0.10900200345355072,2.987803019785409e-14,0.8112333590517922,0,0.07697677952753296
32,4,Ariana Madix,rank,0.07443958353206154,0.10546061644015454,8.19513549307592e-11,0.803932295638213,0,0.07381005517145789
32,5,Ariana Madix,rank,0.0856953211810419,0.11359357270724446,1.8152691460553662e-12,0.9029306045155318,0,0.09051920874489063
32,6,Ariana Madix,rank,0.09015419220078935,0.11498014838864531,1.2167925285774245e-08,0.7877213260380972,0,0.09206513692353827
32,7,Ariana Madix,rank,0.07558725183559217,0.09290664889787899,4.1920710805642016e-08,0.7005219243848694,0,0.06934427739336481
32,8,Ariana Madix,rank,0.07520018053009322,0.10943998592833647,8.54362699379092e-15,0.7960587243285289,0,0.07503429282773653
32,9,Ariana Madix,rank,0.09190216029522197,0.12722340000074908,2.890703334299044e-14,0.8145128436508381,0,0.0990601516231343
32,1,Barry Williams,rank,0.0752636101501225,0.06679358319559242,6.256837026292349e-06,0.5296037766022259,0,0.0752636101501225
32,2,Barry Williams,rank,0.08342013310590476,0.1113069500186736,1.240472667339889e-10,0.8212484956764483,0,0.08691578580124001
32,3,Barry Williams,rank,0.09025743745438777,0.11741038811503862,4.305151335131469e-18,0.8488684796990277,0,0.09318771074659479
32,4,Barry Williams,rank,0.11836891389549549,0.1310736345629356,6.168780160192779e-09,0.8257818884117425,0,0.13041668951311308
32,5,Barry Williams,rank,0.13385245504087206,0.14083845871512252,1.5212032128747444e-08,0.8897138933058816,0,0.14048825838889062
32,6,Barry Williams,rank,0.15748505356399978,0.1440108495257236,1.7147078479789938e-08,0.8852185860210999,0,0.16761331007391164
32,7,Barry Williams,rank,0.20206430611369586,0.15963059560042214,1.8724540468688587e-06,0.9093755044241681,0,0.22116970006356562
32,8,Barry Williams,rank,0.10989085498313007,0.052047777513854976,1.238852942179168e-05,0.3113084477789858,1,0.07038794735574475
32,1,Charity Lawson,rank,0.07185362305677973,0.06602982263188353,1.5089038170319675e-06,0.5557728646974516,0,0.07185362305677973
32,2,Charity Lawson,rank,0.0722858187046774,0.10673992803345579,1.6758346750442586e-11,0.8579974085509375,0,0.07247104541091928
32,3,Charity Lawson,rank,0.07414819643560734,0.10737807292534768,6.426058005392054e-15,0.8097949555899889,0,0.0749463583202916
32,4,Charity Lawson,rank,0.07440855752460883,0.10824726997771117,2.8255175791900136e-12,0.8324766656024192,0,0.07452014084846662
32,5,Charity Lawson,rank,0.07616872581006703,0.10966870400612573,6.312071502683102e-12,0.8387154122191826,0,0.07692308364669198
32,6,Charity Lawson,rank,0.08396113543276597,0.11105874592736278,2.1126168876758e-14,0.7961888166050497,0,0.0873007395567798
32,7,Charity Lawson,rank,0.09833403484166595,0.10724739150263266,1.626281541241841e-08,0.7742279722623248,0,0.10449384887405165
32,8,Charity Lawson,rank,0.11497602900230508,0.1282766318055432,3.6045047443204903e-10,0.8887716571096105,0,0.12210831221400757
32,9,Charity Lawson,rank,0.13665469694116406,0.14915328422435842,1.3296406158874212e-07,0.9140841253742675,0,0.14594555462924647
32,1,Harry Jowsey,rank,0.08182350213699364,0.06889870659857542,8.48946544415668e-06,0.589452506121164,0,0.08182350213699364
32,2,Harry Jowsey,rank,0.09694798746220581,0.12036675736695295,4.621355801858998e-10,0.8776432846085563,0,0.10342990974443961
32,3,Harry Jowsey,rank,0.10799303336589018,0.1282232218559645,1.1873778051481723e-08,0.8857628105043713,0,0.1127266244674692
32,4,Harry Jowsey,rank,0.11373910298755424,0.1268132745445944,1.248597347820838e-07,0.860127298280674,0,0.11620170425398171
32,5,Harry Jowsey,rank,0.1332832151439601,0.1383934475338043,6.393544513397943e-08,0.8752759133903084,0,0.1416592632109912
32,6,Harry Jowsey,rank,0.16415977939537515,0.15108840392307313,5.2472873516627365e-06,0.9230479226560968,0,0.17739259264598162
32,7,Harry Jowsey,rank,0.2102577402193025,0.16940774592617777,0.00010154540906304115,0.8875301019483339,0,0.2300140091438428
32,8,Harry Jowsey,rank,0.26785791392805575,0.17717460803640592,0.00015135068775972113,0.9309243600500872,0,0.2925437026603786
32,9,Harry Jowsey,rank,0.196869309390528,0.0962310409518396,4.4676962661568784e-05,0.8561233359905199,1,0.16644562173158753
32,1,Jamie Lynn Spears,rank,0.0797107246427157,0.06769997108819806,1.4350971801488154e-06,0.5195308511058065,0,0.0797107246427157
32,2,Jamie Lynn Spears,rank,0.026890683818147104,0.0072644140626545745,1.1519620000106532e-12,0.07750002800793729,1,0.004253523464760565
32,1,Jason Mraz,rank,0.07263682044521104,0.06799314205496355,1.986185541106488e-06,0.6287425832174316,0,0.07263682044521104
32,2,Jason Mraz,rank,0.0727558811498687,0.10704911470144135,2.312995217113392e-11,0.8277539109133106,0,0.07280690716615056
32,3,Jason Mraz,rank,0.07483752337096741,0.10871143501996527,2.30820474914927e-14,0.8625299525876616,0,0.07572965575143831
32,4,Jason Mraz,rank,0.07662138399824818,0.10812198061482128,4.389749305127934e-12,0.8646598108588135,0,0.07738589569565422
32,5,Jason Mraz,rank,0.0801131398454554,0.11214850841299352,4.421241511251901e-12,0.828486611193566,0,0.08160960663711564
32,6,Jason Mraz,rank,0.084830298590765,0.11095351312360918,5.461015821009284e-13,0.7322383144934478,0,0.08685193805304055
32,7,Jason Mraz,rank,0.09146523054096684,0.10177630672075483,3.4993841290432776e-08,0.7247704102669499,0,0.09430877280533906
32,8,Jason Mraz,rank,0.1219047663046196,0.13961245637556918,3.0776197965910612e-09,0.8976035590170882,0,0.13495028163189937
32,9,Jason Mraz,rank,0.14479489146560282,0.1532367968597099,4.098599079569303e-08,0.9165415264961194,0,0.1546049451060242
32,1,Lele Pons,rank,0.0722180429048489,0.06608596997366215,1.0559926451596547e-06,0.4673567306557862,0,0.0722180429048489
32,2,Lele Pons,rank,0.07336411252740395,0.1072909817714278,3.4558387465962656e-14,0.8623004906368361,0,0.07385528522278469
32,3,Lele Pons,rank,0.07606752033595546,0.10964671704914619,2.350856730271529e-13,0.8926424416945073,0,0.07722612368247753
32,4,Lele Pons,rank,0.07947351926358695,0.1116864322609606,2.5396084358114265e-12,0.8740483729706894,0,0.08093323308971474
32,5,Lele Pons,rank,0.08264206557153456,0.112493100596323,2.7129398735411026e-11,0.8764514073994933,0,0.0840000139892264
32,6,Lele Pons,rank,0.09714841101365718,0.11622998345058241,2.402467078931029e-10,0.8234759329981242,0,0.10336541620313831
32,7,Lele Pons,rank,0.0338149111086237,0.010114712233638986,1.1214447441853869e-10,0.09434723334081349,1,0.006671982577895077
32,1,Matt Walsh,rank,0.01823111330703441,0.01444664348362985,5.822024627392076e-07,0.0923847941646751,1,0.01823111330703441
32,1,Mauricio Umansky,rank,0.07484820628129721,0.0670726599590479,2.049827400884519e-05,0.48402723790796914,0,0.07484820628129721
32,2,Mauricio Umansky,rank,0.09237677184910945,0.11917869764129008,1.1511881648482863e-11,0.889759936181172,0,0.09988901423531468
32,3,Mauricio Umansky,rank,0.10617223356376568,0.1268513754040696,7.891413982732235e-10,0.8919559934658522,0,0.11208457429861837
32,4,Mauricio Umansky,rank,0.12390370742989153,0.12894713963246493,1.2554569440496622e-09,0.8039180050593274,0,0.13150291051537405
32,5,Mauricio Umansky,rank,0.13242189584793992,0.13796200308048545,3.0264113564812754e-07,0.9464212939635137,0,0.13607254802710353
32,6,Mauricio Umansky,rank,0.05124183609378545,0.01857540637867606,3.591480071743014e-08,0.13970558271582698,1,0.01645038191343353
32,1,Mira Sorvino,rank,0.07293456780051442,0.06608961026606755,5.609362991120471e-06,0.5460325086284863,0,0.07293456780051442
32,2,Mira Sorvino,rank,0.07738127300044906,0.10713057595878679,3.27029126909292e-12,0.7576454624867481,0,0.07928700380042106
32,3,Mira Sorvino,rank,0.08184746846532581,0.11233652427923813,4.103084137207054e-14,0.8398101487122639,0,0.08376155223598727
32,4,Mira Sorvino,rank,0.09701971801194388,0.1162960634539349,5.844050196206778e-11,0.7484193109313271,0,0.10352211067478019
32,5,Mira Sorvino,rank,0.04379134066568116,0.025357158401246367,6.34024332197418e-11,0.21675622933563077,1,0.02097917894585428
32,1,Tyson Beckford,rank,0.08195868489897755,0.06781552353036632,2.385946818581862e-06,0.5204145785197086,0,0.08195868489897755
32,2,Tyson Beckford,rank,0.08511812336436163,0.11281213890303529,4.3859953706961795e-10,0.7491814018590259,0,0.0864721684209548
32,3,Tyson Beckford,rank,0.03870812734657612,0.02458368738708368,5.771906086738641e-14,0.28949674068834946,1,0.01881812905323947
32,1,Xochitl Gomez,rank,0.07253334457559507,0.0667439987285705,7.809614093940106e-07,0.5691675293736791,0,0.07253334457559507
32,2,Xochitl Gomez,rank,0.0737506411607379,0.10670317275220374,6.162049605741226e-12,0.7953509264994983,0,0.07427233969722769
32,3,Xochitl Gomez,rank,0.07639277636126537,0.1093814928349918,2.4763177672456045e-13,0.8264928426050822,0,0.0775251200186343
32,4,Xochitl Gomez,rank,0.0746839373442451,0.10565594610447769,1.7337547921900336e-10,0.7531042402969198,0,0.07395157776552214
32,5,Xochitl Gomez,rank,0.07608446810162116,0.10726959134864031,2.1841084040925967e-14,0.7718026707133202,0,0.07668469556906805
32,6,Xochitl Gomez,rank,0.07881144202698881,0.10833397004526688,1.721603789903957e-14,0.8089955021925823,0,0.07998014513786067
32,7,Xochitl Gomez,rank,0.06391285352699815,0.08340461410644048,5.067267142023649e-09,0.7457364529913786,0,0.0575277441698593
32,8,Xochitl Gomez,rank,0.06377343416725478,0.09980784159050936,8.034342734497789e-15,0.8219913492869145,0,0.06371368301307907
32,9,Xochitl Gomez,rank,0.07288907907472625,0.11111035240428097,8.580622202609992e-15,0.8531487131139872,0,0.07679578403507116
33,2,Anna Delvey,rank,0.02059309082592135,0.015899129893527444,5.4134274589571066e-06,0.10253361250058969,1,0.02059309082592135
33,2,Brooks Nader,rank,0.0852089932164679,0.06958060929214087,0.00033814991292033703,0.45448214991834074,0,0.0852089932164679
33,3,Brooks Nader,rank,0.0933258472740377,0.11987441369265645,4.903955572612014e-10,0.7532589329018285,0,0.09680449901299619
33,4,Brooks Nader,rank,0.03705039490538783,0.0166686036612509,1.8418314169249726e-09,0.16824636537421087,1,0.01293234389025217
33,2,Chandler Kinney,rank,0.07975150330948466,0.07333171534727195,1.1535390128540498e-05,0.5066900726439554,0,0.07975150330948466
33,3,Chandler Kinney,rank,0.08842014310854304,0.1184699206290049,5.156384403856936e-10,0.7723451869550496,0,0.09213527445099663
33,4,Chandler Kinney,rank,0.0993056665755901,0.12038227874207214,2.8222567569369483e-09,0.8279807147552669,0,0.10397089091861027
33,5,Chandler Kinney,rank,0.1054263537550285,0.12754559864151685,3.3536086917609447e-10,0.9090533592901114,0,0.10804950540335925
33,6,Chandler Kinney,rank,0.09725186787902579,0.10234994276897104,5.198252879000354e-10,0.7939709490877281,0,0.09374851678931034
33,7,Chandler Kinney,rank,0.09813963865090379,0.12595421317467617,4.0520293571636844e-11,0.9223249331705463,0,0.09852011183885152
33,2,Danny Amendola,rank,0.07909465599256704,0.0717818893043483,8.700149602643289e-05,0.5027773859415949,0,0.07909465599256704
33,3,Danny Amendola,rank,0.09477942230414782,0.12180640524527926,4.947603192841927e-10,0.8873888377515922,0,0.10150146500911102
33,4,Danny Amendola,rank,0.10283794769176025,0.12440324539364986,1.4013868734938663e-09,0.790911842471521,0,0.10629160142930844
33,5,Danny Amendola,rank,0.1149026069609512,0.13136116954061672,4.4123856698802385e-10,0.894899189931155,0,0.1200731752191759
33,6,Danny Amendola,rank,0.17051617202862376,0.14591132307623547,4.567911139865788e-05,0.9004088349418987,0,0.1943505570576263
33,7,Danny Amendola,rank,0.20431649128122287,0.17292056733500843,2.2359109127484585e-06,0.9687838866208484,0,0.21880234238947965
33,2,Dwight Howard ,rank,0.07913351469230792,0.07322521319481723,2.7076714022857226e-06,0.4672625557502995,0,0.07913351469230792
33,3,Dwight Howard ,rank,0.12095584988994602,0.12876927392750184,3.106283875781126e-08,0.8468428918461801,0,0.13887970783179093
33,4,Dwight Howard ,rank,0.16231034577296433,0.15285841570244202,1.4356195071992647e-06,0.9020413204849543,0,0.18003370115140077
33,5,Dwight Howard ,rank,0.19622793589188567,0.16067658627710252,5.884826675972936e-06,0.9447845525578668,0,0.210764045942852
33,6,Dwight Howard ,rank,0.19797273521567,0.14368783368838478,0.002668742843704866,0.8958215290984926,0,0.19872050635443472
33,7,Dwight Howard ,rank,0.16011290058197114,0.11284411128699257,1.3316023085018771e-05,0.8912908966583604,1,0.14388725716752881
33,2,Eric Roberts,rank,0.12187240562388692,0.06816851379307919,0.013876494427845639,0.6266241847760524,0,0.12187240562388692
33,3,Eric Roberts,rank,0.05229369754693838,0.025601664962962376,4.5085511369537505e-09,0.20352052060916195,1,0.022474251228246152
33,2,Ilona Maher,rank,0.07578174091714471,0.06951828540971347,9.403547760755828e-05,0.5880312158699312,0,0.07578174091714471
33,3,Ilona Maher,rank,0.09785603236735951,0.12172861704567466,5.51215852784877e-09,0.8781987019501107,0,0.10731644298888014
33,4,Ilona Maher,rank,0.12781633884085275,0.13558111380372498,5.9586311936745964e-08,0.9048174761058462,0,0.14065647018663557
33,5,Ilona Maher,rank,0.14264466590043903,0.1467164198582884,7.186149223851735e-08,0.935906430076658,0,0.1489996632116903
33,6,Ilona Maher,rank,0.2105458404985195,0.17793210446277788,6.669333282735257e-05,0.8554172820784739,0,0.23964634389769682
33,7,Ilona Maher,rank,0.2489896013805527,0.1812523648012325,4.002655908486742e-05,0.9517642409666369,0,0.26546549890142407
33,2,Jenn Tran,rank,0.09326569258004401,0.06894632216429993,0.0008652927660553952,0.4574444948459745,0,0.09326569258004401
33,3,Jenn Tran,rank,0.1027500254732499,0.12687867739643394,2.241078085964246e-08,0.8321524317360548,0,0.10681473957033814
33,4,Jenn Tran,rank,0.12106639493784578,0.13130747799177753,5.655708624281979e-07,0.8658354460304323,0,0.12891626756552974
33,5,Jenn Tran,rank,0.13726418332594434,0.14208605064936386,5.666235146247948e-07,0.8931615790805624,0,0.14420609263512946
33,6,Jenn Tran,rank,0.053670384373698324,0.019457606975065912,6.262389416085472e-07,0.13410530343808846,1,0.01784447053702147
33,2,Joey Graziadei,rank,0.07934338019571693,0.07390907094919029,3.085370931289583e-05,0.4471412038541283,0,0.07934338019571693
33,3,Joey Graziadei,rank,0.08468126532534648,0.11478093240698987,8.484057694531518e-12,0.8719534022603763,0,0.08696893038090202
33,4,Joey Graziadei,rank,0.08916605633663223,0.11550529358742175,3.7196914134691205e-10,0.7729364432447777,0,0.09108810962718328
33,5,Joey Graziadei,rank,0.09422048873574534,0.12129998437655241,2.962240181062499e-11,0.8450424316408102,0,0.09638667404965097
33,6,Joey Graziadei,rank,0.08711578505504342,0.09608402074108512,1.3861947629222098e-07,0.8095233473734235,0,0.0840709120490283
33,7,Joey Graziadei,rank,0.08704065989515213,0.11678306100897974,2.492572238622603e-12,0.816868416095497,0,0.08700846339805586
33,2,Phaedra Parks,rank,0.08233849589438662,0.06924110673464848,3.549061872513861e-06,0.41620396003422827,0,0.08233849589438662
33,3,Phaedra Parks,rank,0.11518999621817366,0.13198953971443775,4.910677251759418e-09,0.8267007258547125,0,0.12926921064265384
33,4,Phaedra Parks,rank,0.13405099109690305,0.13996376470595456,4.3543074620667936e-07,0.9289583784560907,0,0.14213427461635852
33,5,Phaedra Parks,rank,0.0808477471985035,0.05605909034401884,1.2802683431127102e-07,0.5164849228555827,1,0.05804635695633227
33,2,Reginald VelJohnson,rank,0.11183091790825947,0.07014681341720645,0.008465815397486996,0.429381400457752,0,0.11183091790825947
33,3,Reginald VelJohnson,rank,0.05488540241970173,0.03481722524379276,7.389892097374329e-09,0.3413772780347105,1,0.03048018149603414
33,2,Stephen Nedoroscik,rank,0.0765888273767921,0.07101205926877095,4.833893671566952e-05,0.5366132251447938,0,0.0765888273767921
33,3,Stephen Nedoroscik,rank,0.08412535638467371,0.11686262060761758,2.837141648100955e-11,0.8294286155976891,0,0.08735529738805155
33,4,Stephen Nedoroscik,rank,0.09102104534570882,0.11752591811937846,6.99890536976063e-10,0.9202098643028549,0,0.09397634061472387
33,5,Stephen Nedoroscik,rank,0.10673845421097904,0.13282393576194645,3.7959880167286013e-10,0.8426428030528771,0,0.11347448658180913
33,6,Stephen Nedoroscik,rank,0.15215462158371065,0.12391469352669672,4.725578115419808e-05,0.7251348039136984,0,0.17161869331488136
33,7,Stephen Nedoroscik,rank,0.17606781488837558,0.16236226986030286,1.9502574332400265e-06,0.9308576154696669,0,0.18631632630466058
33,2,Tori Spelling,rank,0.015196781467020542,0.012284489005941574,5.996489313948063e-06,0.07636480593416195,1,0.015196781467020542
34,2,Alix Earle,rank,0.07447448810629642,0.06876498592517506,2.2016629632872655e-05,0.46663257461709,0,0.07447448810629642
34,3,Alix Earle,rank,0.07706287595100073,0.10955535990236985,3.923837728460069e-12,0.8574225402322221,0,0.07817218502730257
34,4,Alix Earle,rank,0.0767161133911509,0.10826772125394718,3.249283462058036e-12,0.8332174989780621,0,0.07656750086550099
34,6,Alix Earle,rank,0.08439326206358991,0.11257575378456929,4.136762948073571e-15,0.8219476669646557,0,0.08768346863749235
34,7,Alix Earle,rank,0.08945576879737671,0.11596247611971988,1.3150859976918315e-11,0.814144011411001,0,0.0916254145404282
34,8,Alix Earle,rank,0.09540076635950931,0.12081065359089474,2.36578154611765e-10,0.8470896420891982,0,0.09794862245756616
34,9,Alix Earle,rank,0.11440778091842928,0.13226350912807386,1.523097405251685e-08,0.9266195348761966,0,0.12255364430082356
34,10,Alix Earle,rank,0.13654552103244952,0.13251394714841488,8.059134680433408e-06,0.8863542021469479,0,0.1460331239384582
34,2,Andy Richter,rank,0.10056644397105363,0.06682900490489162,0.0028397958789111916,0.5049655438981183,0,0.10056644397105363
34,3,Andy Richter,rank,0.11782060940570428,0.13345500138553743,1.6284579986892958e-08,0.8738040426811309,0,0.1252152517348403
34,4,Andy Richter,rank,0.14666400704018462,0.1435894420278109,3.2278819938909615e-07,0.8713518943673932,0,0.15902546316924762
34,6,Andy Richter,rank,0.17502004385255307,0.15236596087866663,9.873367459597165e-07,0.9287590339194501,0,0.18717263105785387
34,7,Andy Richter,rank,0.2068248267280922,0.16295772800485384,5.274725299665666e-06,0.9277342493475594,0,0.2204554479604661
34,8,Andy Richter,rank,0.2427713985916925,0.17095884561267752,6.289281641742725e-05,0.9399468873205207,0,0.25817707224752123
34,9,Andy Richter,rank,0.1611952558474508,0.08991943258289284,0.00030050799911313764,0.9748358010261807,1,0.12623405181420438
34,2,Baron Davis,rank,0.015430185363453443,0.012763447240755423,5.746518955759354e-06,0.07836293256128234,1,0.015430185363453443
34,2,Corey Feldman,rank,0.027075553024787754,0.02064299378859965,1.216508528881057e-06,0.1286242906502317,1,0.027075553024787754
34,2,Danielle Fishel,rank,0.08929945756205741,0.06838251247252328,0.0008150716464947951,0.5243536772940246,0,0.08929945756205741
34,3,Danielle Fishel,rank,0.09806354800114434,0.12187276045959515,5.1782439503149735e-12,0.9026687259395598,0,0.10181958676075302
34,4,Danielle Fishel,rank,0.11652974071978774,0.1317146901553817,1.651131580020907e-08,0.8644660337376106,0,0.12444382331349207
34,6,Danielle Fishel,rank,0.12723234400546668,0.1370795757801664,5.024077315281656e-09,0.8365075220373015,0,0.1318191739850434
34,7,Danielle Fishel,rank,0.14558045678138545,0.1408329358757888,1.6426262391855347e-08,0.9070250529520807,0,0.15344393368535067
34,8,Danielle Fishel,rank,0.08613602049989362,0.05490147932506209,8.210022965796661e-08,0.4301626254513551,1,0.06065983352211141
34,2,Dylan Efron,rank,0.07962926327631169,0.06729412608936099,0.00011011469467530478,0.5297392935867996,0,0.07962926327631169
34,3,Dylan Efron,rank,0.08236161211975157,0.11241143712835959,1.7174739967683296e-12,0.8404472915030567,0,0.0835326187669401
34,4,Dylan Efron,rank,0.08335337674949193,0.10929127980161651,1.3349510827872505e-09,0.771655762086107,0,0.08377841873366638
34,6,Dylan Efron,rank,0.09523660237819032,0.12013412262968066,8.04807989549325e-12,0.9279602098181539,0,0.10032941336191821
34,7,Dylan Efron,rank,0.10417629747367751,0.12452724203460952,5.446201352334133e-12,0.8290460940427323,0,0.10800759537174347
34,8,Dylan Efron,rank,0.1213096527854575,0.13582789475242252,1.499480708588439e-10,0.8952065579682241,0,0.12865251934764893
34,9,Dylan Efron,rank,0.1384787673649151,0.14462609619385264,3.385894587418513e-07,0.9031106615541464,0,0.14583695932753982
34,10,Dylan Efron,rank,0.18100502412901479,0.15750005186586888,3.064059413410564e-06,0.906904335258578,0,0.19923056274220038
34,2,Elaine Hendrix,rank,0.07554926094793957,0.06581319101416208,6.68827989362923e-06,0.4930200453142755,0,0.07554926094793957
34,3,Elaine Hendrix,rank,0.08586458446544865,0.1143699022822949,1.518607891440223e-10,0.8444894649770133,0,0.09028543740152396
34,4,Elaine Hendrix,rank,0.08626135922860348,0.1130587274658714,1.1562506742526336e-10,0.8349360333312021,0,0.08643140555566985
34,6,Elaine Hendrix,rank,0.08868406951102327,0.11614425628825,1.0978726429716377e-13,0.8538426766689436,0,0.08972237391777461
34,7,Elaine Hendrix,rank,0.10703651703306749,0.1266956947663627,8.311761836098631e-11,0.8863438149546312,0,0.11490185168537216
34,8,Elaine Hendrix,rank,0.12860444969494192,0.13975269995908815,1.3859814622981607e-08,0.9344801028493714,0,0.13784784940717384
34,9,Elaine Hendrix,rank,0.18591791056337542,0.17014083567413904,2.3204157814511608e-07,0.8884075374783632,0,0.21048082236413268
34,10,Elaine Hendrix,rank,0.24975734196488864,0.17431588256991867,0.0001345366019461798,0.9391794961167179,0,0.2771170982798229
34,2,Hilaria Baldwin,rank,0.0773754276925406,0.06826850835959455,0.00010024275021855566,0.5681606305855306,0,0.0773754276925406
34,3,Hilaria Baldwin,rank,0.08106858354647715,0.11183241085591404,8.630889192499367e-12,0.8411223398978924,0,0.08265136462673568
34,4,Hilaria Baldwin,rank,0.028010199938118315,0.00844675016575377,5.977252217375581e-13,0.09508342052938801,1,0.0052708926773930975
34,2,Jen Affleck,rank,0.07322108085914272,0.06725420177203859,1.0554882257820656e-06,0.4404921267148609,0,0.07322108085914272
34,3,Jen Affleck,rank,0.0823028576530995,0.11175066222748119,1.2865866787172065e-11,0.8823470088945482,0,0.08619504770765242
34,4,Jen Affleck,rank,0.08374861727681472,0.11233903281018169,6.234538628566273e-14,0.8432101679710976,0,0.08436822854412125
34,6,Jen Affleck,rank,0.0980233884911155,0.12071350116165395,1.9850964376186713e-11,0.9210818330547529,0,0.10414114758295868
34,7,Jen Affleck,rank,0.042471985457323336,0.022230485930748573,3.0291725344241606e-10,0.21144787210831303,1,0.01866424129998384
34,2,Jordan Chiles,rank,0.07291585812431572,0.06760536254507078,1.2151075521319749e-05,0.535058478265273,0,0.07291585812431572
34,3,Jordan Chiles,rank,0.07646393223861989,0.10948803095367082,1.0105958684420418e-12,0.8258834581273929,0,0.07798453543046453
34,4,Jordan Chiles,rank,0.07792716803715835,0.11019954175724132,1.3466720994390916e-10,0.8064933739854723,0,0.07855426909367486
34,6,Jordan Chiles,rank,0.08100805776289,0.11159675054997738,7.90954029339291e-12,0.7935679935270277,0,0.08232843907391785
34,7,Jordan Chiles,rank,0.08800892999903083,0.1130311229057377,1.3482498573731007e-13,0.8293705869835628,0,0.09100930381451977
34,8,Jordan Chiles,rank,0.09334488813308064,0.12176033777079646,2.2144847773289916e-13,0.8796139313030946,0,0.09563172733338772
34,9,Jordan Chiles,rank,0.13220296106158555,0.14682787257178767,4.490637107371516e-10,0.8602095691986206,0,0.14885642088808768
34,10,Jordan Chiles,rank,0.18017847147218544,0.15048454647511825,3.0785443547887363e-06,0.9027815534040774,0,0.2007394045052997
34,2,Lauren Jauregui,rank,0.07360917898612812,0.06647150596938296,1.8388439214834337e-05,0.5353319610931007,0,0.07360917898612812
34,3,Lauren Jauregui,rank,0.029764946916116277,0.0164982556395994,1.3842620290850956e-11,0.1672344607565083,1,0.010974561743254061
34,2,Robert Irwin,rank,0.07316646718952316,0.06638001016529378,1.1289766805712224e-05,0.48269703575023903,0,0.07316646718952316
34,3,Robert Irwin,rank,0.08011185945728895,0.11182158082103409,1.3213343923344132e-13,0.8365320087183883,0,0.08308845614347429
34,4,Robert Irwin,rank,0.0957456174098216,0.11915061187186858,2.077768096567678e-11,0.8692103975959748,0,0.10244579938947847
34,6,Robert Irwin,rank,0.1066362329007695,0.12657078783359002,1.0561444004595288e-09,0.8320706856889283,0,0.11130363953974717
34,7,Robert Irwin,rank,0.11421220702492434,0.1297902044425009,5.105389788282757e-10,0.8664288981966668,0,0.11745905307813355
34,8,Robert Irwin,rank,0.12657591691742148,0.13781887240743199,8.149336423913962e-10,0.9275574494319898,0,0.1318746497284917
34,9,Robert Irwin,rank,0.141424089698385,0.14901605485293765,8.962185800137928e-10,0.8734438873365253,0,0.14778759231879793
34,10,Robert Irwin,rank,0.15058340266829304,0.14292279988487283,2.5259541713031145e-06,0.9382519757681431,0,0.15450882251253936
34,2,Scott Hoying,rank,0.09370473001266538,0.06702451211435251,0.0018163194800257841,0.5418904476116193,0,0.09370473001266538
34,3,Scott Hoying,rank,0.09907866314853156,0.12177737926340926,8.705168717342781e-14,0.8822397596783043,0,0.10138177734961708
34,4,Scott Hoying,rank,0.1155813906932204,0.12783484809806975,8.775030910772541e-11,0.864329311599776,0,0.12265398821237278
34,6,Scott Hoying,rank,0.05260249417803703,0.028230781756200942,4.619197967353435e-08,0.2246744455215592,1,0.025611538528672723
34,2,Whitney Leavitt,rank,0.07398260488378423,0.06723964694121125,4.706448594371919e-06,0.520524055875739,0,0.07398260488378423
34,3,Whitney Leavitt,rank,0.07728420558034452,0.11037729386473555,9.30429656354244e-13,0.8492672830621995,0,0.07869917730744179
34,4,Whitney Leavitt,rank,0.07670740898587214,0.10698175889056588,1.5102552400337497e-10,0.8515721937455208,0,0.076460210445384
34,6,Whitney Leavitt,rank,0.07893394471599718,0.11190292930361954,5.274232457728268e-13,0.8609333636263161,0,0.0798881743146222
34,7,Whitney Leavitt,rank,0.08278339440960149,0.1122199442482588,1.3349998816002816e-13,0.8235119142046181,0,0.08443315856400334
34,8,Whitney Leavitt,rank,0.08728042649214962,0.11853810406632802,1.8687209529048803e-11,0.8955072915996073,0,0.08920772595609884
34,9,Whitney Leavitt,rank,0.09495948423813626,0.12662856441375073,5.593963410612884e-10,0.8593463854683308,0,0.09825050898641627
34,10,Whitney Leavitt,rank,0.04414753688661774,0.026336409882843047,1.4403936757752319e-10,0.1850172333471255,1,0.02237098802168123
